,certainty,name,geometry,geometry_source,locality,date,period,domestic
0,1.0,Wiener Neustadt,POINT (16.24 47.81),POINT (16.388 48.221),Wien,1251-08-26,1,True
1,1.0,Wiener Neustadt,POINT (16.24 47.81),POINT (16.388 48.221),Wien,1251-08-26,1,True
2,1.0,Passau,POINT (13.469 48.575),POINT (16.388 48.221),Wien,1251-08-26,1,True
3,3.0,Freising,POINT (11.746 48.399),POINT (16.388 48.221),Wien,1251-08-26,1,True
4,1.0,Salzburg,POINT (13.048 47.797),POINT (16.388 48.221),Wien,1251-08-26,1,True
5,1.0,Wiener Neustadt,POINT (16.24 47.81),POINT (16.388 48.221),Wien,1251-08-26,1,True
6,1.0,Strakonice,POINT (13.902 49.261),POINT (14.197 49.05),Netolice,1251-11-08,1,False
7,1.0,Makarov,POINT (13.807 49.245),POINT (14.197 49.05),Netolice,1251-11-08,1,False
8,3.0,Neunkirchen,POINT (16.082 47.727),POINT (15.62 48.41),Krems an der Donau,1251-11-30,1,True
9,1.0,Niederaltaich,POINT (13.027 48.766),POINT (16.33 48.34),Korneuburg,1251-12-10,1,True
10,1.0,Absdorf,POINT (15.983 48.4),POINT (16.33 48.34),Korneuburg,1251-12-10,1,True
11,1.0,Kircheim unter Teck,POINT (9.449999999999999 48.647),POINT (16.33 48.34),Korneuburg,1251-12-10,1,True
12,1.0,Niederaltaich,POINT (13.027 48.766),POINT (16.33 48.34),Korneuburg,1251-12-10,1,True
13,1.0,Niederabsdorf,POINT (16.857 48.568),POINT (16.33 48.34),Korneuburg,1251-12-10,1,True
14,1.0,Niederaltaich,POINT (13.027 48.766),POINT (16.33 48.34),Korneuburg,1251-12-10,1,True
15,1.0,Niederaltaich,POINT (13.027 48.766),POINT (16.33 48.34),Korneuburg,1251-12-10,1,True
16,1.0,Stein an der Donau,POINT (15.582 48.402),POINT (16.33 48.34),Korneuburg,1251-12-10,1,True
17,1.0,Ybbs an der Donau,POINT (15.064 48.175),POINT (16.33 48.34),Korneuburg,1251-12-10,1,True
18,1.0,Mauthausen,POINT (14.516 48.241),POINT (16.33 48.34),Korneuburg,1251-12-10,1,True
19,1.0,Linz,POINT (14.286 48.306),POINT (16.33 48.34),Korneuburg,1251-12-10,1,True
20,1.0,Niederaltaich,POINT (13.027 48.766),POINT (16.33 48.34),Korneuburg,1251-12-10,1,True
21,1.0,Lambach,POINT (13.877 48.091),POINT (16.33 48.34),Korneuburg,1251-12-10,1,True
22,1.0,Příbor,POINT (18.145 49.641),POINT (16.388 48.221),Wien,1252-01-22,1,True
23,1.0,Velehrad,POINT (17.395 49.105),POINT (16.388 48.221),Wien,1252-01-22,1,True
24,1.0,Heiligenkreuz,POINT (16.131 48.056),POINT (16.388 48.221),Wien,1252-01-22,1,True
25,1.0,Salzburg,POINT (13.048 47.797),POINT (16.388 48.221),Wien,1252-01-22,1,True
26,1.0,Mondsee,POINT (13.35 47.855),POINT (16.388 48.221),Wien,1252-01-22,1,True
27,1.0,Ybbs an der Donau,POINT (15.064 48.175),POINT (16.388 48.221),Wien,1252-01-22,1,True
28,1.0,Stein an der Donau,POINT (15.582 48.402),POINT (16.388 48.221),Wien,1252-01-22,1,True
29,1.0,Ebersberg,POINT (11.973 48.086),POINT (16.388 48.221),Wien,1252-01-22,1,True
30,1.0,Waldhausen im Strudengau,POINT (14.948 48.273),POINT (16.946 48.146),Hainburg,1252-03-09,1,True
31,1.0,Waldhausen im Strudengau,POINT (14.948 48.273),POINT (16.946 48.146),Hainburg,1252-03-09,1,True
32,2.0,Machland,POINT (nan nan),POINT (16.946 48.146),Hainburg,1252-03-09,1,True
33,1.0,Laa an der Thaya,POINT (16.384 48.728),POINT (16.946 48.146),Hainburg,1252-03-09,1,True
34,1.0,Regensburg,POINT (12.102 49.015),POINT (16.946 48.146),Hainburg,1252-03-09,1,True
35,1.0,Tulln,POINT (16.059 48.331),POINT (16.946 48.146),Hainburg,1252-03-09,1,True
36,1.0,Michelhausen,POINT (15.937 48.29),POINT (16.946 48.146),Hainburg,1252-03-09,1,True
37,1.0,Possendorf,POINT (13.715 50.967),POINT (16.946 48.146),Hainburg,1252-03-09,1,True
38,1.0,Michelndorf,POINT (15.895 48.28),POINT (16.946 48.146),Hainburg,1252-03-09,1,True
39,1.0,Wiener Neustadt,POINT (16.24 47.81),POINT (16.24 47.81),Wiener Neustadt,1252-03-15,1,True
40,1.0,Tegernsee,POINT (11.756 47.71),POINT (15.62 48.41),Krems an der Donau,1252-04-07,1,True
41,3.0,Metten,POINT (12.914 48.852),POINT (15.62 48.41),Krems an der Donau,1252-04-07,1,True
42,1.0,Linz,POINT (14.286 48.306),POINT (15.62 48.41),Krems an der Donau,1252-04-07,1,True
43,1.0,Enns,POINT (14.479 48.214),POINT (15.62 48.41),Krems an der Donau,1252-04-07,1,True
44,1.0,Mauthausen,POINT (14.516 48.241),POINT (15.62 48.41),Krems an der Donau,1252-04-07,1,True
45,3.0,Metten,POINT (12.914 48.852),POINT (15.62 48.41),Krems an der Donau,1252-04-07,1,True
46,3.0,Metten,POINT (12.914 48.852),POINT (15.62 48.41),Krems an der Donau,1252-04-07,1,True
47,1.0,Dürnstein,POINT (15.525 48.407),POINT (15.62 48.41),Krems an der Donau,1252-04-07,1,True
48,3.0,Eisenreichdornach,POINT (14.891 48.131),POINT (15.62 48.41),Krems an der Donau,1252-04-07,1,True
49,1.0,Tegernsee,POINT (11.756 47.71),POINT (15.62 48.41),Krems an der Donau,1252-04-07,1,True
50,1.0,Žďár nad Sázavou,POINT (15.939 49.564),POINT (16.61 49.19),Brno,1252-05-16,1,False
51,1.0,Brno,POINT (16.61 49.19),POINT (16.61 49.19),Brno,1252-05-16,1,False
52,1.0,Znojmo,POINT (16.05 48.86),POINT (16.05 48.86),Znojmo,1252-07-15,1,False
53,1.0,Praha,POINT (14.41 50.09),POINT (16.05 48.86),Znojmo,1252-07-15,1,False
54,1.0,Steyr,POINT (14.419 48.039),POINT (14.286 48.306),Linz,1252-09-15,1,True
55,1.0,Steyr,POINT (14.419 48.039),POINT (14.286 48.306),Linz,1252-09-15,1,True
56,1.0,Losenstein,POINT (14.438 47.925),POINT (14.286 48.306),Linz,1252-09-15,1,True
57,1.0,Rein,POINT (15.285 47.135),POINT (15.45 47.067),Graz,1252-10-30,1,False
58,1.0,Graz,POINT (15.45 47.067),POINT (15.45 47.067),Graz,1252-10-30,1,False
59,1.0,Wiener Neustadt,POINT (16.24 47.81),POINT (15.45 47.067),Graz,1252-10-30,1,False
60,1.0,Wilhering,POINT (14.19 48.324),POINT (14.286 48.306),Linz,1252-12-01,1,True
61,1.0,Wilhering,POINT (14.19 48.324),POINT (14.286 48.306),Linz,1252-12-01,1,True
62,1.0,Wilhering,POINT (14.19 48.324),POINT (14.286 48.306),Linz,1252-12-01,1,True
63,1.0,Gramastetten,POINT (14.192 48.379),POINT (14.286 48.306),Linz,1252-12-01,1,True
64,1.0,Wilhering,POINT (14.19 48.324),POINT (14.286 48.306),Linz,1252-12-01,1,True
65,1.0,Seitenstetten,POINT (14.655 48.036),POINT (14.286 48.306),Linz,1252-12-01,1,True
66,1.0,Altenhofen,POINT (14.547 48.182),POINT (14.286 48.306),Linz,1252-12-01,1,True
67,1.0,Osterhofen,POINT (12.997 48.687),POINT (15.62 48.41),Krems an der Donau,1252-12-29,1,True
68,3.0,Freising,POINT (11.746 48.399),POINT (16.388 48.221),Wien,1253-03-05,1,True
69,1.0,Groß-Enzersdorf,POINT (16.551 48.197),POINT (16.388 48.221),Wien,1253-03-05,1,True
70,1.0,Wien,POINT (16.388 48.221),POINT (16.388 48.221),Wien,1253-03-05,1,True
71,1.0,Passau,POINT (13.469 48.575),POINT (14.41 50.09),Praha,1253-04-11,1,False
72,1.0,Linz,POINT (14.286 48.306),POINT (14.41 50.09),Praha,1253-04-11,1,False
73,1.0,Eferding,POINT (14.02 48.308),POINT (14.41 50.09),Praha,1253-04-11,1,False
74,1.0,Wels,POINT (14.027 48.158),POINT (14.41 50.09),Praha,1253-04-11,1,False
75,1.0,Praha,POINT (14.41 50.09),POINT (14.41 50.09),Praha,1253-04-11,1,False
76,1.0,Wiener Neustadt,POINT (16.24 47.81),POINT (16.24 47.81),Wiener Neustadt,1253-05-04,1,True
77,1.0,Wiener Neustadt,POINT (16.24 47.81),POINT (15.095 47.379),Leoben,1253-05-21,1,False
78,1.0,Leibnitz,POINT (15.539 46.782),POINT (15.095 47.379),Leoben,1253-05-21,1,False
79,1.0,Sankt Georgen an der Stiefing,POINT (15.576 46.878),POINT (15.095 47.379),Leoben,1253-05-21,1,False
80,3.0,Hohenberg,POINT (15.622 47.91),POINT (15.62 48.41),Krems an der Donau,1253-06-22,1,True
81,1.0,Krumau an der Kamp,POINT (15.448 48.591),POINT (15.62 48.41),Krems an der Donau,1253-06-22,1,True
82,1.0,Altpölla,POINT (15.378 48.629),POINT (15.62 48.41),Krems an der Donau,1253-06-22,1,True
83,1.0,Winkl,POINT (15.48 48.668),POINT (15.62 48.41),Krems an der Donau,1253-06-22,1,True
84,1.0,Geras,POINT (15.665 48.781),POINT (16.61 49.19),Brno,1253-07-23,1,False
85,1.0,Kostelní Myslová,POINT (15.429 49.148),POINT (16.61 49.19),Brno,1253-07-23,1,False
86,1.0,Olomouc,POINT (17.252 49.596),POINT (17.252 49.596),Olomouc,1253-08-16,1,False
87,1.0,Olomouc,POINT (17.252 49.596),POINT (17.252 49.596),Olomouc,1253-08-16,1,False
88,1.0,Břevnov,POINT (14.383 50.074),POINT (14.41 50.09),Praha,1253-09-06,1,False
89,1.0,Police nad Metují,POINT (16.234 50.537),POINT (14.41 50.09),Praha,1253-09-06,1,False
90,1.0,Zwettl,POINT (15.169 48.607),POINT (16.198 48.631),Kleinweikersdorf,1253-09-23,2,True
91,1.0,Horn,POINT (15.656 48.665),POINT (16.198 48.631),Kleinweikersdorf,1253-09-23,2,True
92,1.0,Aldersbach,POINT (13.09 48.59),POINT (16.388 48.221),Wien,1253-10-01,2,True
93,1.0,Vilémov,POINT (15.535 49.814),POINT (14.41 50.09),Praha,1253-11-25,2,True
94,1.0,Praha,POINT (14.41 50.09),POINT (14.41 50.09),Praha,1253-11-25,2,True
95,1.0,Vyšehrad,POINT (14.418 50.065),POINT (14.41 50.09),Praha,1253-11-25,2,True
96,1.0,Břevnov,POINT (14.383 50.074),POINT (14.41 50.09),Praha,1253-11-25,2,True
97,1.0,Strahov,POINT (14.386 50.083),POINT (14.41 50.09),Praha,1253-11-25,2,True
98,3.0,Opatovice nad Labem,POINT (15.79 50.145),POINT (14.41 50.09),Praha,1253-11-25,2,True
99,1.0,Litoměřice,POINT (14.132 50.533),POINT (14.76 50.765),Jablonné v Podještědí,1253-12-09,2,True
100,1.0,Hrušovany,POINT (14.28 50.52),POINT (14.76 50.765),Jablonné v Podještědí,1253-12-09,2,True
101,1.0,Vrutice,POINT (14.292 50.502),POINT (14.76 50.765),Jablonné v Podještědí,1253-12-09,2,True
102,1.0,Svařenice,POINT (14.3 50.5),POINT (14.76 50.765),Jablonné v Podještědí,1253-12-09,2,True
103,1.0,Polepy,POINT (14.267 50.508),POINT (14.76 50.765),Jablonné v Podještědí,1253-12-09,2,True
104,1.0,Halbenrein,POINT (15.93 46.727),POINT (14.41 50.09),Praha,1253-12-19,2,True
105,1.0,Halbenrein,POINT (15.93 46.727),POINT (14.41 50.09),Praha,1253-12-19,2,True
106,1.0,Stříbro,POINT (13.003 49.752),POINT (12.995 49.712),Kladruby,1254-01-23,2,True
107,2.0,Bítov bei Stříbro,POINT (13.004 49.753),POINT (12.995 49.712),Kladruby,1254-01-23,2,True
108,3.0,Chotěšov,POINT (13.203 49.654),POINT (12.995 49.712),Kladruby,1254-01-23,2,True
109,1.0,Zbůch,POINT (13.226 49.678),POINT (12.995 49.712),Kladruby,1254-01-23,2,True
110,1.0,Červený Újezd,POINT (14.166 50.069),POINT (12.995 49.712),Kladruby,1254-01-23,2,True
111,3.0,Altenburg,POINT (15.593 48.647),POINT (15.62 48.41),Krems an der Donau,1254-03-16,2,True
112,3.0,Röhrenbach,POINT (15.489 48.663),POINT (15.62 48.41),Krems an der Donau,1254-03-16,2,True
113,1.0,Mondsee,POINT (13.35 47.855),POINT (15.62 48.41),Krems an der Donau,1254-03-16,2,True
114,3.0,Freising,POINT (11.746 48.399),POINT (16.388 48.221),Wien,1254-04-06,2,True
115,1.0,Dobrava pri Škocjanu,POINT (15.327 45.875),POINT (16.388 48.221),Wien,1254-04-06,2,True
116,1.0,Čretež pri Krškem,POINT (15.46 45.969),POINT (16.388 48.221),Wien,1254-04-06,2,True
117,1.0,Dolenje Mokro Polje,POINT (15.277 45.834),POINT (16.388 48.221),Wien,1254-04-06,2,True
118,1.0,Dobrava pri Škocjanu,POINT (15.327 45.875),POINT (16.388 48.221),Wien,1254-04-06,2,True
119,1.0,St. Florian,POINT (14.379 48.206),POINT (15.62 48.41),Krems an der Donau,1254-04-17,2,True
120,1.0,Seckau,POINT (14.786 47.275),POINT (16.388 48.221),Wien,1254-05-13,2,True
121,1.0,Muthmannsdorf,POINT (16.111 47.839),POINT (16.388 48.221),Wien,1254-05-13,2,True
122,1.0,Brno,POINT (16.61 49.19),POINT (16.61 49.19),Brno,1254-06-15,2,True
123,1.0,Brno,POINT (16.61 49.19),POINT (16.61 49.19),Brno,1254-06-15,2,True
124,1.0,Praha,POINT (14.41 50.09),POINT (14.41 50.09),Praha,1254-07-10,2,True
125,1.0,Praha,POINT (14.41 50.09),POINT (14.41 50.09),Praha,1254-07-10,2,True
126,1.0,Praha,POINT (14.41 50.09),POINT (14.41 50.09),Praha,1254-07-10,2,True
127,1.0,Osek,POINT (13.693 50.621),POINT (14.41 50.09),Praha,1254-07-10,2,True
128,1.0,Olomouc,POINT (17.252 49.596),POINT (17.252 49.596),Olomouc,1254-09-15,2,True
129,1.0,Olomouc,POINT (17.252 49.596),POINT (17.252 49.596),Olomouc,1254-09-15,2,True
130,1.0,Olomouc,POINT (17.252 49.596),POINT (17.252 49.596),Olomouc,1254-09-15,2,True
131,3.0,Moravská Loděnice,POINT (17.277 49.661),POINT (17.252 49.596),Olomouc,1254-09-15,2,True
132,2.0,Böhmen,POINT (nan nan),POINT (14.985 50.134),Sadská,1254-10-31,2,True
133,1.0,Garsten,POINT (14.409 48.022),POINT (15.62 48.41),Krems an der Donau,1254-11-29,2,True
134,2.0,Böhmen,POINT (nan nan),POINT (19.409 54.152),Elbląg,1255-01-19,2,False
135,1.0,Olomouc,POINT (17.252 49.596),POINT (16.61 49.19),Brno,1255-02-25,2,True
136,1.0,Olomouc,POINT (17.252 49.596),POINT (16.61 49.19),Brno,1255-02-25,2,True
137,2.0,Böhmen,POINT (nan nan),POINT (15.62 48.41),Krems an der Donau,1255-03-19,2,True
138,2.0,Mähren,POINT (nan nan),POINT (15.62 48.41),Krems an der Donau,1255-03-19,2,True
139,2.0,Oberösterreich,POINT (nan nan),POINT (15.62 48.41),Krems an der Donau,1255-03-19,2,True
140,2.0,Niederösterreich,POINT (nan nan),POINT (15.62 48.41),Krems an der Donau,1255-03-19,2,True
141,1.0,Passau,POINT (13.469 48.575),POINT (15.62 48.41),Krems an der Donau,1255-03-19,2,True
142,1.0,Mailberg,POINT (16.183 48.673),POINT (14.655 48.036),Seitenstetten,1255-03-23,2,True
143,1.0,Spital am Pyhrn,POINT (14.34 47.665),POINT (14.419 48.039),Steyr,1255-03-26,2,False
144,1.0,Garsten,POINT (14.409 48.022),POINT (14.286 48.306),Linz,1255-03-30,2,True
145,1.0,Molln,POINT (14.257 47.886),POINT (14.286 48.306),Linz,1255-03-30,2,True
146,1.0,Ternberg,POINT (14.357 47.946),POINT (14.286 48.306),Linz,1255-03-30,2,True
147,1.0,Berchtesgaden,POINT (13.002 47.631),POINT (14.286 48.306),Linz,1255-03-30,2,True
148,1.0,Břevnov,POINT (14.383 50.074),POINT (14.41 50.09),Praha,1255-05-18,2,True
149,1.0,Vyšehrad,POINT (14.418 50.065),POINT (13.872 50.038),Křivoklát,1255-06-02,2,True
150,1.0,Salzburg,POINT (13.048 47.797),POINT (15.893 49.094),Jaroměřice nad Rokytkou,1255-06-20,2,False
151,1.0,Raitenhaslach,POINT (12.787 48.129),POINT (16.388 48.221),Wien,1255-07-02,2,True
152,1.0,Kraków,POINT (19.937 50.061),POINT (14.41 50.09),Praha,1255-11-02,2,True
153,1.0,Kraków,POINT (19.937 50.061),POINT (14.41 50.09),Praha,1255-11-02,2,True
154,1.0,Kremsmünster,POINT (14.128 48.053),POINT (15.62 48.41),Krems an der Donau,1255-12-15,2,True
155,1.0,Martinsberg,POINT (15.149 48.376),POINT (15.62 48.41),Krems an der Donau,1255-12-15,2,True
156,1.0,Kremsmünster,POINT (14.128 48.053),POINT (15.62 48.41),Krems an der Donau,1255-12-15,2,True
157,1.0,Olomouc,POINT (17.252 49.596),POINT (16.61 49.19),Brno,1256-01-09,2,True
158,1.0,Hrdibořice,POINT (17.22 49.478),POINT (16.61 49.19),Brno,1256-01-09,2,True
159,1.0,Kralice,POINT (16.201 49.199),POINT (16.61 49.19),Brno,1256-01-09,2,True
160,1.0,Žďár nad Sázavou,POINT (15.939 49.564),POINT (16.61 49.19),Brno,1256-01-09,2,True
161,1.0,Velehrad,POINT (17.395 49.105),POINT (16.61 49.19),Brno,1256-01-09,2,True
162,3.0,Zlatníky,POINT (17.83 49.942),POINT (16.61 49.19),Brno,1256-01-09,2,True
163,1.0,Velehrad,POINT (17.395 49.105),POINT (17.252 49.596),Olomouc,1256-02-15,2,True
164,1.0,Přerov,POINT (17.451 49.455),POINT (17.252 49.596),Olomouc,1256-02-15,2,True
165,2.0,Mähren,POINT (nan nan),POINT (14.41 50.09),Praha,1256-03-20,2,True
166,1.0,St. Florian,POINT (14.379 48.206),POINT (14.985 50.134),Sadská,1256-04-05,2,True
167,1.0,Břevnov,POINT (14.383 50.074),POINT (14.41 50.09),Praha,1256-05-07,2,True
168,1.0,Podmokly,POINT (13.705 49.943),POINT (14.41 50.09),Praha,1256-05-07,2,True
169,1.0,Ruzyně,POINT (14.312 50.09),POINT (14.41 50.09),Praha,1256-05-07,2,True
170,3.0,Freising,POINT (11.746 48.399),POINT (16.388 48.221),Wien,1256-06-23,2,True
171,1.0,Wien,POINT (16.388 48.221),POINT (16.388 48.221),Wien,1256-06-23,2,True
172,1.0,Olomouc,POINT (17.252 49.596),POINT (17.903 49.939),Opava,1256-07-18,2,True
173,1.0,Grobniki,POINT (17.871 50.197),POINT (17.903 49.939),Opava,1256-07-18,2,True
174,2.0,Böhmen,POINT (nan nan),POINT (17.903 49.939),Opava,1256-07-18,2,True
175,2.0,Mähren,POINT (nan nan),POINT (17.903 49.939),Opava,1256-07-18,2,True
176,1.0,Grobniki,POINT (17.871 50.197),POINT (17.903 49.939),Opava,1256-07-18,2,True
177,1.0,Ernstbrunn,POINT (16.36 48.526),POINT (16.388 48.221),Wien,1256-07-25,2,True
178,1.0,Wien,POINT (16.388 48.221),POINT (16.388 48.221),Wien,1256-07-25,2,True
179,1.0,Salzburg,POINT (13.048 47.797),POINT (15.62 48.41),Krems an der Donau,1256-11-21,2,True
180,1.0,Ardagger,POINT (14.833 48.183),POINT (16.388 48.221),Wien,1256-12-18,2,True
181,1.0,Ardagger,POINT (14.833 48.183),POINT (16.388 48.221),Wien,1256-12-18,2,True
182,1.0,Melk,POINT (15.33 48.228),POINT (16.388 48.221),Wien,1256-12-18,2,True
183,1.0,Heiligenkreuz,POINT (16.131 48.056),POINT (16.388 48.221),Wien,1256-12-18,2,True
184,3.0,Hainburg,POINT (16.946 48.146),POINT (16.388 48.221),Wien,1256-12-18,2,True
185,1.0,Praha,POINT (14.41 50.09),POINT (14.41 50.09),Praha,1257-03-15,2,True
186,1.0,Praha,POINT (14.41 50.09),POINT (14.41 50.09),Praha,1257-03-15,2,True
187,1.0,Praha,POINT (14.41 50.09),POINT (14.41 50.09),Praha,1257-03-15,2,True
188,1.0,Plchov,POINT (13.987 50.255),POINT (14.41 50.09),Praha,1257-03-15,2,True
189,1.0,Praha,POINT (14.41 50.09),POINT (14.41 50.09),Praha,1257-03-15,2,True
190,1.0,Zlíchov,POINT (14.408 50.046),POINT (14.41 50.09),Praha,1257-03-15,2,True
191,2.0,Prag,POINT (nan nan),POINT (14.41 50.09),Praha,1257-03-15,2,True
192,1.0,Passau,POINT (13.469 48.575),POINT (14.286 48.306),Linz,1257-04-27,2,True
193,1.0,Lilienfeld,POINT (15.598 48.014),POINT (16.24 47.81),Wiener Neustadt,1257-06-12,2,True
194,1.0,Stratzing,POINT (15.607 48.45),POINT (16.24 47.81),Wiener Neustadt,1257-06-12,2,True
195,1.0,Lilienfeld,POINT (15.598 48.014),POINT (15.598 48.014),Lilienfeld,1257-07-28,2,True
196,1.0,Velehrad,POINT (17.395 49.105),POINT (13.39 49.934),Plasy,1257-12-03,2,True
197,1.0,Uherské Hradiště,POINT (17.46 49.07),POINT (13.39 49.934),Plasy,1257-12-03,2,True
198,1.0,Plasy,POINT (13.39 49.934),POINT (13.39 49.934),Plasy,1257-12-03,2,True
199,1.0,Plzeň,POINT (13.374 49.745),POINT (13.39 49.934),Plasy,1257-12-03,2,True
200,1.0,Stříbro,POINT (13.003 49.752),POINT (13.39 49.934),Plasy,1257-12-03,2,True
201,1.0,Rakovník,POINT (13.733 50.104),POINT (13.39 49.934),Plasy,1257-12-03,2,True
202,1.0,Praha,POINT (14.41 50.09),POINT (14.41 50.09),Praha,1258-01-18,2,True
203,1.0,Praha,POINT (14.41 50.09),POINT (14.41 50.09),Praha,1258-01-18,2,True
204,1.0,St. Florian,POINT (14.379 48.206),POINT (16.388 48.221),Wien,1258-02-10,2,True
205,,Altenburg (bei Wilhelmsburg),POINT (15.603 48.071),POINT (16.388 48.221),Wien,1258-02-10,2,True
206,3.0,Hohenberg,POINT (15.622 47.91),POINT (16.388 48.221),Wien,1258-02-10,2,True
207,1.0,Lilienfeld,POINT (15.598 48.014),POINT (16.388 48.221),Wien,1258-02-10,2,True
208,1.0,Türnitz,POINT (15.485 47.929),POINT (16.388 48.221),Wien,1258-02-10,2,True
209,1.0,Stranzendorf,POINT (16.082 48.452),POINT (16.388 48.221),Wien,1258-02-10,2,True
210,1.0,Břevnov,POINT (14.383 50.074),POINT (14.148 49.309),Písek,1258-04-19,2,True
211,1.0,Sebranice,POINT (16.575 49.497),POINT (14.148 49.309),Písek,1258-04-19,2,True
212,1.0,Sobotovice,POINT (16.557 49.06),POINT (14.148 49.309),Písek,1258-04-19,2,True
213,1.0,Brno,POINT (16.61 49.19),POINT (14.192 49.439),Zvíkov,1258-05-15,2,True
214,1.0,Brno,POINT (16.61 49.19),POINT (14.192 49.439),Zvíkov,1258-05-15,2,True
215,1.0,Uherské Hradiště,POINT (17.46 49.07),POINT (17.46 49.07),Uherské Hradiště,1258-06-20,2,True
216,1.0,Velehrad,POINT (17.395 49.105),POINT (17.46 49.07),Uherské Hradiště,1258-06-20,2,True
217,1.0,Uherské Hradiště,POINT (17.46 49.07),POINT (17.46 49.07),Uherské Hradiště,1258-06-20,2,True
218,1.0,Salzburg,POINT (13.048 47.797),POINT (16.388 48.221),Wien,1258-07-23,2,True
219,1.0,Jevíčko,POINT (16.711 49.632),POINT (13.872 50.038),Křivoklát,1258-08-09,2,True
220,1.0,Vyšehrad,POINT (14.418 50.065),POINT (14.175 49.783),Dobříš,1258-10-04,2,True
221,1.0,Kremsmünster,POINT (14.128 48.053),POINT (14.027 48.158),Wels,1258-10-12,2,True
222,1.0,Kremsmünster,POINT (14.128 48.053),POINT (14.027 48.158),Wels,1258-10-12,2,True
223,1.0,Viechtwang,POINT (13.963 47.915),POINT (14.027 48.158),Wels,1258-10-12,2,True
224,1.0,Kremsmünster,POINT (14.128 48.053),POINT (14.027 48.158),Wels,1258-10-12,2,True
225,1.0,Tišnov,POINT (16.424 49.349),POINT (16.61 49.19),Brno,1259-01-04,2,True
226,1.0,Brno,POINT (16.61 49.19),POINT (16.61 49.19),Brno,1259-01-04,2,True
227,1.0,Tišnov,POINT (16.424 49.349),POINT (16.61 49.19),Brno,1259-01-04,2,True
228,1.0,Brno,POINT (16.61 49.19),POINT (16.61 49.19),Brno,1259-01-04,2,True
229,1.0,Zwettl,POINT (15.169 48.607),POINT (15.62 48.41),Krems an der Donau,1259-04-04,2,True
230,1.0,Klosterneuburg,POINT (16.325 48.305),POINT (16.388 48.221),Wien,1259-04-22,2,True
231,1.0,St. Pölten,POINT (15.633 48.2),POINT (16.388 48.221),Wien,1259-04-22,2,True
232,3.0,Erla,POINT (14.57 48.199),POINT (14.027 48.158),Wels,1259-06-10,2,True
233,1.0,Seitenstetten,POINT (14.655 48.036),POINT (14.027 48.158),Wels,1259-06-10,2,True
234,1.0,Litomyšl,POINT (16.313 49.868),POINT (14.41 50.09),Praha,1259-08-31,2,True
235,1.0,Litomyšl,POINT (16.313 49.868),POINT (14.41 50.09),Praha,1259-08-31,2,True
236,1.0,Litomyšl,POINT (16.313 49.868),POINT (14.41 50.09),Praha,1259-08-31,2,True
237,1.0,Litomyšl,POINT (16.313 49.868),POINT (14.41 50.09),Praha,1259-08-31,2,True
238,1.0,Passau,POINT (13.469 48.575),POINT (16.388 48.221),Wien,1259-10-29,2,True
239,2.0,Niederösterreich,POINT (nan nan),POINT (16.388 48.221),Wien,1259-10-29,2,True
240,2.0,Oberösterreich,POINT (nan nan),POINT (16.388 48.221),Wien,1259-10-29,2,True
241,1.0,Wien,POINT (16.388 48.221),POINT (16.388 48.221),Wien,1259-10-29,2,True
242,1.0,Zwettl,POINT (15.169 48.607),POINT (15.62 48.41),Krems an der Donau,1259-11-17,2,True
243,1.0,Großotten,POINT (14.981 48.643),POINT (15.62 48.41),Krems an der Donau,1259-11-17,2,True
244,1.0,Emmersdorf an der Donau,POINT (15.324 48.253),POINT (15.62 48.41),Krems an der Donau,1259-11-17,2,True
245,1.0,Tegernsee,POINT (11.756 47.71),POINT (15.62 48.41),Krems an der Donau,1259-11-17,2,True
246,1.0,Grobniki,POINT (17.871 50.197),POINT (16.05 48.86),Znojmo,1259-11-23,2,True
247,1.0,Głubczyce,POINT (17.829 50.201),POINT (16.05 48.86),Znojmo,1259-11-23,2,True
248,1.0,Zwettl,POINT (15.169 48.607),POINT (15.169 48.607),Zwettl,1259-12-19,2,True
249,2.0,Steiermark,POINT (nan nan),POINT (16.388 48.221),Wien,1260-01-14,2,True
250,1.0,Passau,POINT (13.469 48.575),POINT (15.088 47.929),Gaming,1260-01-24,2,True
251,2.0,Niederösterreich,POINT (nan nan),POINT (15.088 47.929),Gaming,1260-01-24,2,True
252,2.0,Oberösterreich,POINT (nan nan),POINT (15.088 47.929),Gaming,1260-01-24,2,True
253,1.0,Hardegg,POINT (15.858 48.853),POINT (16.388 48.221),Wien,1260-02-10,2,True
254,1.0,Raabs an der Thaya,POINT (15.492 48.848),POINT (16.388 48.221),Wien,1260-02-10,2,True
255,1.0,Retz,POINT (15.952 48.757),POINT (16.388 48.221),Wien,1260-02-10,2,True
256,1.0,Leitzersdorf,POINT (16.244 48.42),POINT (16.388 48.221),Wien,1260-02-10,2,True
257,1.0,Oberweiden,POINT (16.829 48.307),POINT (16.388 48.221),Wien,1260-02-10,2,True
258,1.0,Obermarkesdorf,POINT (15.899 48.739),POINT (16.388 48.221),Wien,1260-02-10,2,True
259,1.0,Wien,POINT (16.388 48.221),POINT (16.388 48.221),Wien,1260-02-10,2,True
260,1.0,Wien,POINT (16.388 48.221),POINT (15.809 48.321),Sitzenberg,1260-02-13,2,True
261,1.0,Leobendorf,POINT (16.324 48.374),POINT (15.809 48.321),Sitzenberg,1260-02-13,2,True
262,1.0,Waldsassen,POINT (12.306 50.004),POINT (13.872 50.038),Křivoklát,1260-02-25,2,True
263,1.0,Žatec,POINT (13.54 50.33),POINT (13.872 50.038),Křivoklát,1260-02-25,2,True
264,1.0,Rein,POINT (15.285 47.135),POINT (16.388 48.221),Wien,1260-03-18,2,True
265,1.0,Opava,POINT (17.903 49.939),POINT (14.148 49.309),Písek,1260-04-13,2,True
266,1.0,Opava,POINT (17.903 49.939),POINT (14.148 49.309),Písek,1260-04-13,2,True
267,1.0,Břevnov,POINT (14.383 50.074),POINT (14.41 50.09),Praha,1260-05-05,2,True
268,1.0,Praha,POINT (14.41 50.09),POINT (14.41 50.09),Praha,1260-05-05,2,True
269,1.0,Olomouc,POINT (17.252 49.596),POINT (14.41 50.09),Praha,1260-05-05,2,True
270,1.0,Praha,POINT (14.41 50.09),POINT (14.41 50.09),Praha,1260-05-05,2,True
271,1.0,Nenakovice,POINT (17.287 49.47),POINT (14.41 50.09),Praha,1260-05-05,2,True
272,1.0,Rudeč,POINT (14.585 50.236),POINT (14.41 50.09),Praha,1260-05-05,2,True
273,1.0,Rein,POINT (15.285 47.135),POINT (14.286 48.306),Linz,1260-06-06,2,True
274,2.0,Steiermark,POINT (nan nan),POINT (14.286 48.306),Linz,1260-06-06,2,True
275,1.0,Helfenstein,POINT (15.192 47.09),POINT (14.286 48.306),Linz,1260-06-06,2,True
276,1.0,Rožmberk nad Vltavou,POINT (14.365 48.654),POINT (16.384 48.728),Laa an der Thaya,1260-07-08,2,True
277,1.0,Raabs an der Thaya,POINT (15.492 48.848),POINT (16.384 48.728),Laa an der Thaya,1260-07-08,2,True
278,1.0,Raabs an der Thaya,POINT (15.492 48.848),POINT (16.384 48.728),Laa an der Thaya,1260-07-08,2,True
279,1.0,Bratislava,POINT (17.103 48.142),POINT (17.103 48.142),Bratislava,1260-07-21,3,True
280,1.0,Ptuj,POINT (15.879 46.422),POINT (17.103 48.142),Bratislava,1260-07-21,3,True
281,3.0,Freising,POINT (11.746 48.399),POINT (16.388 48.221),Wien,1260-08-02,3,True
282,1.0,Praha,POINT (14.41 50.09),POINT (14.41 50.09),Praha,1260-11-04,3,True
283,1.0,Plasy,POINT (13.39 49.934),POINT (14.41 50.09),Praha,1260-11-04,3,True
284,1.0,Neprobylice,POINT (14.028 50.264),POINT (14.41 50.09),Praha,1260-11-04,3,True
285,1.0,Viktring,POINT (14.27 46.589),POINT (15.45 47.067),Graz,1260-12-25,3,True
286,1.0,St. Lambrecht,POINT (14.3 47.072),POINT (15.45 47.067),Graz,1260-12-25,3,True
287,1.0,St. Lambrecht,POINT (14.3 47.072),POINT (15.45 47.067),Graz,1260-12-25,3,True
288,1.0,Dürnberg,POINT (14.206 48.337),POINT (15.45 47.067),Graz,1260-12-25,3,True
289,1.0,St. Lambrecht,POINT (14.3 47.072),POINT (15.45 47.067),Graz,1260-12-25,3,True
290,3.0,Freising,POINT (11.746 48.399),POINT (15.45 47.067),Graz,1260-12-25,3,True
291,1.0,Lavanttal,POINT (14.86 46.7),POINT (15.45 47.067),Graz,1260-12-25,3,True
292,1.0,Pfannberg,POINT (15.343 47.243),POINT (15.45 47.067),Graz,1260-12-25,3,True
293,1.0,Gratwein,POINT (15.318 47.129),POINT (15.45 47.067),Graz,1260-12-25,3,True
294,1.0,Seckau,POINT (14.786 47.275),POINT (15.45 47.067),Graz,1260-12-25,3,True
295,1.0,Rein,POINT (15.285 47.135),POINT (15.45 47.067),Graz,1260-12-25,3,True
296,1.0,Söding,POINT (15.291 47),POINT (15.45 47.067),Graz,1260-12-25,3,True
297,1.0,Rein,POINT (15.285 47.135),POINT (15.45 47.067),Graz,1260-12-25,3,True
298,1.0,Söding,POINT (15.291 47),POINT (15.45 47.067),Graz,1260-12-25,3,True
299,1.0,Havlíčkův Brod,POINT (15.579 49.607),POINT (15.579 49.607),Havlíčkův Brod,1261-01-12,3,True
300,1.0,Havlíčkův Brod,POINT (15.579 49.607),POINT (15.579 49.607),Havlíčkův Brod,1261-01-12,3,True
301,1.0,Doksany,POINT (14.16 50.455),POINT (14.392 50.632),Kravaře u České Lípy,1261-01-24,3,True
302,1.0,Most,POINT (13.636 50.503),POINT (13.636 50.503),Most,1261-01-31,3,True
303,1.0,Most,POINT (13.636 50.503),POINT (13.636 50.503),Most,1261-01-31,3,True
304,1.0,Chomutov,POINT (13.411 50.464),POINT (13.54 50.33),Žatec,1261-02-22,3,True
305,1.0,Miletín,POINT (15.678 50.489),POINT (13.54 50.33),Žatec,1261-02-22,3,True
306,1.0,Lilienfeld,POINT (15.598 48.014),POINT (16.388 48.221),Wien,1261-05-06,3,True
307,1.0,Wetzleinsdorf,POINT (16.385 48.477),POINT (16.388 48.221),Wien,1261-05-06,3,True
308,1.0,Tulln,POINT (16.059 48.331),POINT (16.388 48.221),Wien,1261-05-06,3,True
309,1.0,Wien,POINT (16.388 48.221),POINT (16.388 48.221),Wien,1261-05-06,3,True
310,1.0,Wien,POINT (16.388 48.221),POINT (16.388 48.221),Wien,1261-05-06,3,True
311,1.0,Olomouc,POINT (17.252 49.596),POINT (14.148 49.309),Písek,1261-07-01,3,True
312,1.0,Hulín,POINT (17.464 49.317),POINT (14.148 49.309),Písek,1261-07-01,3,True
313,1.0,Vizovice,POINT (17.855 49.223),POINT (17.252 49.596),Olomouc,1261-08-27,3,True
314,1.0,Střílky,POINT (17.215 49.14),POINT (17.252 49.596),Olomouc,1261-08-27,3,True
315,1.0,Olomouc,POINT (17.252 49.596),POINT (17.252 49.596),Olomouc,1261-08-27,3,True
316,1.0,Vsisko,POINT (17.314 49.552),POINT (17.252 49.596),Olomouc,1261-08-27,3,True
317,3.0,Opatovice nad Labem,POINT (15.79 50.145),POINT (14.41 50.09),Praha,1261-10-04,3,True
318,1.0,Přelouč,POINT (15.56 50.04),POINT (14.41 50.09),Praha,1261-10-04,3,True
319,1.0,Geras,POINT (15.665 48.781),POINT (14.41 50.09),Praha,1261-10-04,3,True
320,1.0,Weikertschlag,POINT (14.856 48.615),POINT (14.41 50.09),Praha,1261-10-04,3,True
321,1.0,Olomouc,POINT (17.252 49.596),POINT (15.591 49.396),Jihlava,1261-10-15,3,True
322,1.0,Praha,POINT (14.41 50.09),POINT (14.41 50.09),Praha,1261-11-13,3,True
323,1.0,Mikulovce,POINT (13.228 50.389),POINT (14.41 50.09),Praha,1261-11-13,3,True
324,1.0,Vernéřov,POINT (13.223 50.402),POINT (14.41 50.09),Praha,1261-11-13,3,True
325,1.0,Prunéřov,POINT (13.26 50.43),POINT (14.41 50.09),Praha,1261-11-13,3,True
326,1.0,Salzburg,POINT (13.048 47.797),POINT (16.05 48.86),Znojmo,1261-11-24,3,True
327,1.0,Mainz,POINT (8.272 50.001),POINT (14.41 50.09),Praha,1261-11-27,3,True
328,1.0,Klosterneuburg,POINT (16.325 48.305),POINT (16.388 48.221),Wien,1261-12-02,3,True
329,1.0,Wien,POINT (16.388 48.221),POINT (16.388 48.221),Wien,1261-12-02,3,True
330,1.0,Klosterneuburg,POINT (16.325 48.305),POINT (16.388 48.221),Wien,1261-12-02,3,True
331,1.0,Wien,POINT (16.388 48.221),POINT (16.388 48.221),Wien,1261-12-02,3,True
332,1.0,Brno,POINT (16.61 49.19),POINT (16.05 48.86),Znojmo,1261-12-08,3,True
333,1.0,Regensburg,POINT (12.102 49.015),POINT (16.251 48.519),Herzogenbirbaum,1261-12-14,3,True
334,1.0,Wien,POINT (16.388 48.221),POINT (16.388 48.221),Wien,1261-12-16,3,True
335,1.0,Eggendorf bei Wiener Neustadt,POINT (16.322 47.858),POINT (16.388 48.221),Wien,1261-12-16,3,True
336,1.0,Mainz,POINT (8.272 50.001),POINT (14.41 50.09),Praha,1262-03-04,3,True
337,1.0,Mainz,POINT (8.272 50.001),POINT (14.41 50.09),Praha,1262-03-04,3,True
338,1.0,Vyšehrad,POINT (14.418 50.065),POINT (14.41 50.09),Praha,1262-03-04,3,True
339,1.0,Strahov,POINT (14.386 50.083),POINT (14.41 50.09),Praha,1262-03-04,3,True
340,1.0,Praha,POINT (14.41 50.09),POINT (14.41 50.09),Praha,1262-03-04,3,True
341,1.0,Břevnov,POINT (14.383 50.074),POINT (14.41 50.09),Praha,1262-03-04,3,True
342,1.0,Praha,POINT (14.41 50.09),POINT (14.41 50.09),Praha,1262-03-04,3,True
343,1.0,Praha,POINT (14.41 50.09),POINT (14.41 50.09),Praha,1262-03-04,3,True
344,1.0,Opava,POINT (17.903 49.939),POINT (14.41 50.09),Praha,1262-03-04,3,True
345,1.0,Praha,POINT (14.41 50.09),POINT (14.41 50.09),Praha,1262-03-04,3,True
346,1.0,Passau,POINT (13.469 48.575),POINT (14.41 50.09),Praha,1262-03-04,3,True
347,1.0,Niederhollabrunn,POINT (16.311 48.449),POINT (14.41 50.09),Praha,1262-03-04,3,True
348,1.0,Passau,POINT (13.469 48.575),POINT (14.41 50.09),Praha,1262-03-04,3,True
349,1.0,Niederhollabrunn,POINT (16.311 48.449),POINT (14.41 50.09),Praha,1262-03-04,3,True
350,1.0,Marienthal,POINT (14.926 50.997),POINT (14.41 50.09),Praha,1262-03-04,3,True
351,1.0,Přibyslavice,POINT (15.778 49.261),POINT (14.41 50.09),Praha,1262-03-04,3,True
352,1.0,Praha,POINT (14.41 50.09),POINT (15.591 49.396),Jihlava,1262-03-25,3,True
353,1.0,Hněvkovice,POINT (15.205 49.686),POINT (15.591 49.396),Jihlava,1262-03-25,3,True
354,2.0,Böhmen,POINT (nan nan),POINT (16.388 48.221),Wien,1262-05-14,3,True
355,1.0,Heiligenkreuz,POINT (16.131 48.056),POINT (16.388 48.221),Wien,1262-05-14,3,True
356,3.0,Thallern,POINT (16.29 48.05),POINT (16.388 48.221),Wien,1262-05-14,3,True
357,1.0,Maria Enzersdorf,POINT (16.285 48.097),POINT (16.388 48.221),Wien,1262-05-14,3,True
358,1.0,Mikulov,POINT (16.638 48.806),POINT (16.388 48.221),Wien,1262-05-14,3,True
359,1.0,Mikulov,POINT (16.638 48.806),POINT (16.388 48.221),Wien,1262-05-14,3,True
360,1.0,Litoměřice,POINT (14.132 50.533),POINT (14.126 50.404),Budyně nad Ohří,1262-06-12,3,True
361,1.0,Litoměřice,POINT (14.132 50.533),POINT (14.126 50.404),Budyně nad Ohří,1262-06-12,3,True
362,1.0,Hrušovany,POINT (14.28 50.52),POINT (14.126 50.404),Budyně nad Ohří,1262-06-12,3,True
363,3.0,Freising,POINT (11.746 48.399),POINT (15.591 49.396),Jihlava,1262-06-30,3,True
364,1.0,Pillichsdorf,POINT (16.54 48.364),POINT (15.591 49.396),Jihlava,1262-06-30,3,True
365,1.0,Groß-Enzersdorf,POINT (16.551 48.197),POINT (15.591 49.396),Jihlava,1262-06-30,3,True
366,1.0,Vyšehrad,POINT (14.418 50.065),POINT (14.41 50.09),Praha,1262-07-15,3,True
367,1.0,Budeč,POINT (14.246 50.192),POINT (14.41 50.09),Praha,1262-07-15,3,True
368,1.0,Seckau,POINT (14.786 47.275),POINT (16.24 47.81),Wiener Neustadt,1262-08-17,3,True
369,1.0,Kumberg,POINT (15.535 47.16),POINT (16.24 47.81),Wiener Neustadt,1262-08-17,3,True
370,1.0,Hainersdorf,POINT (15.942 47.115),POINT (16.24 47.81),Wiener Neustadt,1262-08-17,3,True
371,3.0,Freising,POINT (11.746 48.399),POINT (17.829 50.201),Głubczyce,1262-10-18,3,True
372,1.0,Groß-Enzersdorf,POINT (16.551 48.197),POINT (17.829 50.201),Głubczyce,1262-10-18,3,True
373,1.0,Kremsmünster,POINT (14.128 48.053),POINT (14.286 48.306),Linz,1262-12-27,3,True
374,1.0,Mondsee,POINT (13.35 47.855),POINT (14.286 48.306),Linz,1262-12-27,3,True
375,1.0,Bad Ischl,POINT (13.621 47.712),POINT (14.286 48.306),Linz,1262-12-27,3,True
376,1.0,Sedlec,POINT (15.288 49.961),POINT (15.833 50.209),Hradec Králové,1263-05-09,3,True
377,1.0,Kouřim,POINT (14.976 50.003),POINT (15.833 50.209),Hradec Králové,1263-05-09,3,True
378,1.0,Hradec Králové,POINT (15.833 50.209),POINT (15.833 50.209),Hradec Králové,1263-05-09,3,True
379,1.0,Poboří,POINT (15.047 50.024),POINT (15.833 50.209),Hradec Králové,1263-05-09,3,True
380,1.0,Podůlšany,POINT (15.738 50.129),POINT (15.833 50.209),Hradec Králové,1263-05-09,3,True
381,1.0,Litomyšl,POINT (16.313 49.868),POINT (15.833 50.209),Hradec Králové,1263-05-09,3,True
382,1.0,Litomyšl,POINT (16.313 49.868),POINT (15.833 50.209),Hradec Králové,1263-05-09,3,True
383,1.0,Plasy,POINT (13.39 49.934),POINT (13.39 49.934),Plasy,1263-07-06,3,True
384,1.0,Plasy,POINT (13.39 49.934),POINT (13.39 49.934),Plasy,1263-07-06,3,True
385,1.0,Stříbro,POINT (13.003 49.752),POINT (13.39 49.934),Plasy,1263-07-06,3,True
386,1.0,Rakovník,POINT (13.733 50.104),POINT (13.39 49.934),Plasy,1263-07-06,3,True
387,1.0,Plzeň,POINT (13.374 49.745),POINT (13.39 49.934),Plasy,1263-07-06,3,True
388,1.0,Seckau,POINT (14.786 47.275),POINT (16.24 47.81),Wiener Neustadt,1263-08-14,3,True
389,2.0,Arzwald,POINT (15.283 47.217),POINT (16.24 47.81),Wiener Neustadt,1263-08-14,3,True
390,1.0,Seckau,POINT (14.786 47.275),POINT (16.24 47.81),Wiener Neustadt,1263-08-14,3,True
391,1.0,Würflach,POINT (16.053 47.776),POINT (16.24 47.81),Wiener Neustadt,1263-08-14,3,True
392,1.0,Grobniki,POINT (17.871 50.197),POINT (14.148 49.309),Písek,1263-11-17,3,True
393,1.0,Grobniki,POINT (17.871 50.197),POINT (14.148 49.309),Písek,1263-11-17,3,True
394,1.0,Svibno,POINT (15.098 46.064),POINT (14.41 50.09),Praha,1264-02-15,3,True
395,2.0,Südsteiermark,POINT (nan nan),POINT (14.41 50.09),Praha,1264-02-15,3,True
396,1.0,Žďár nad Sázavou,POINT (15.939 49.564),POINT (15.591 49.396),Jihlava,1264-03-12,3,True
397,1.0,Göttweig,POINT (15.613 48.368),POINT (16.388 48.221),Wien,1264-04-09,3,True
398,1.0,Pellendorf,POINT (16.454 48.098),POINT (16.388 48.221),Wien,1264-04-09,3,True
399,1.0,Hennersdorf bei Wien,POINT (16.36 48.111),POINT (16.388 48.221),Wien,1264-04-09,3,True
400,1.0,Kvítkovice,POINT (14.331 48.957),POINT (14.148 49.309),Písek,1264-08-21,3,True
401,1.0,České Budějovice,POINT (14.474 48.974),POINT (14.148 49.309),Písek,1264-08-21,3,True
402,1.0,Vyšší Brod,POINT (14.312 48.618),POINT (14.148 49.309),Písek,1264-08-21,3,True
403,1.0,Doksy,POINT (14.656 50.565),POINT (14.148 49.309),Písek,1264-10-26,3,True
404,1.0,Kravaře u České Lípy,POINT (14.392 50.632),POINT (14.148 49.309),Písek,1264-10-26,3,True
405,1.0,Tišnov,POINT (16.424 49.349),POINT (17.252 49.596),Olomouc,1264-11-27,3,True
406,1.0,Lukov,POINT (15.824 49.073),POINT (17.252 49.596),Olomouc,1264-11-27,3,True
407,1.0,Lukov,POINT (15.824 49.073),POINT (17.252 49.596),Olomouc,1264-11-27,3,True
408,1.0,Ragogna,POINT (12.983 46.174),POINT (16.61 49.19),Brno,1264-12-18,3,True
409,1.0,Ottensheim,POINT (14.175 48.332),POINT (14.41 50.09),Praha,1265-02-16,3,True
410,1.0,Kroměříž,POINT (17.393 49.298),POINT (14.41 50.09),Praha,1265-02-16,3,True
411,1.0,Lovešice,POINT (17.45 49.427),POINT (14.41 50.09),Praha,1265-02-16,3,True
412,3.0,Fulštejn,POINT (17.714 50.243),POINT (14.41 50.09),Praha,1265-02-16,3,True
413,1.0,Krzanowice,POINT (18.122 50.018),POINT (14.41 50.09),Praha,1265-02-16,3,True
414,1.0,Maissau,POINT (15.792 48.569),POINT (16.388 48.221),Wien,1265-04-12,3,True
415,1.0,Cvilín,POINT (17.721 50.082),POINT (16.388 48.221),Wien,1265-04-12,3,True
416,3.0,Dědice,POINT (16.977 49.295),POINT (16.388 48.221),Wien,1265-04-12,3,True
417,3.0,Freising,POINT (11.746 48.399),POINT (16.388 48.221),Wien,1265-04-12,3,True
418,1.0,Neuhofen an der Ybbs,POINT (14.851 48.06),POINT (16.388 48.221),Wien,1265-04-12,3,True
419,1.0,Głubczyce,POINT (17.829 50.201),POINT (16.388 48.221),Wien,1265-04-12,3,True
420,1.0,Opavice,POINT (17.596 50.151),POINT (16.388 48.221),Wien,1265-04-12,3,True
421,1.0,Lilienfeld,POINT (15.598 48.014),POINT (16.388 48.221),Wien,1265-04-12,3,True
422,1.0,Garsten,POINT (14.409 48.022),POINT (15.45 47.067),Graz,1265-04-23,3,True
423,1.0,Seckau,POINT (14.786 47.275),POINT (15.45 47.067),Graz,1265-04-23,3,True
424,3.0,Freising,POINT (11.746 48.399),POINT (15.45 47.067),Graz,1265-04-23,3,True
425,1.0,Sankt Peter am Kammersberg,POINT (14.189 47.186),POINT (15.45 47.067),Graz,1265-04-23,3,True
426,1.0,Garsten,POINT (14.409 48.022),POINT (16.082 47.727),Neunkirchen,1265-05-19,3,False
427,1.0,Gaflenz,POINT (14.726 47.895),POINT (16.082 47.727),Neunkirchen,1265-05-19,3,False
428,1.0,Ostrov,POINT (12.949 50.308),POINT (14.073 49.964),Beroun,1265-07-01,3,True
429,1.0,Domažlice,POINT (12.93 49.44),POINT (14.073 49.964),Beroun,1265-07-01,3,True
430,1.0,Melk,POINT (15.33 48.228),POINT (14.474 48.974),České Budějovice,1265-07-31,3,True
431,1.0,Praha,POINT (14.41 50.09),POINT (14.41 50.09),Praha,1265-09-08,3,True
432,1.0,Polička,POINT (16.265 49.715),POINT (14.41 50.09),Praha,1265-10-13,3,True
433,3.0,Freising,POINT (11.746 48.399),POINT (14.517 48.517),Freistadt,1265-11-29,3,True
434,3.0,Freising,POINT (11.746 48.399),POINT (14.517 48.517),Freistadt,1265-11-29,3,True
435,1.0,Žatec,POINT (13.54 50.33),POINT (14.41 50.09),Praha,1265-12-30,3,True
436,1.0,Lavanttal,POINT (14.86 46.7),POINT (15.45 47.067),Graz,1266-01-02,3,True
437,1.0,Lavanttal,POINT (14.86 46.7),POINT (15.45 47.067),Graz,1266-01-02,3,True
438,1.0,Passau,POINT (13.469 48.575),POINT (14.41 50.09),Praha,1266-02-12,3,True
439,1.0,Passau,POINT (13.469 48.575),POINT (15.819 48.639),Eggenburg,1266-04-01,3,True
440,1.0,Eferding,POINT (14.02 48.308),POINT (15.819 48.639),Eggenburg,1266-04-01,3,True
441,,Mautern an der Donau,POINT (5.574 48.383),POINT (15.819 48.639),Eggenburg,1266-04-01,3,True
442,1.0,Cheb,POINT (12.38 50.071),POINT (12.38 50.071),Cheb,1266-05-05,3,True
443,1.0,Böhmisch Bruck,POINT (12.353 49.576),POINT (13.003 49.752),Stříbro,1266-06-30,3,True
444,1.0,Regensburg,POINT (12.102 49.015),POINT (12.93 49.44),Domažlice,1266-07-30,3,True
445,1.0,Spital am Pyhrn,POINT (14.34 47.665),POINT (14.41 50.09),Praha,1266-10-14,3,True
446,1.0,Kremsmünster,POINT (14.128 48.053),POINT (14.41 50.09),Praha,1266-10-14,3,True
447,1.0,Windischgarsten,POINT (14.328 47.722),POINT (14.41 50.09),Praha,1266-10-14,3,True
448,1.0,Ried im Innkreis,POINT (13.488 48.209),POINT (13.488 48.209),Ried im Innkreis,1266-12-01,3,False
449,3.0,Freising,POINT (11.746 48.399),POINT (14.286 48.306),Linz,1266-12-04,3,True
450,1.0,Pottendorf,POINT (16.388 47.91),POINT (14.286 48.306),Linz,1266-12-04,3,True
451,1.0,Hernstein,POINT (16.104 47.894),POINT (14.286 48.306),Linz,1266-12-04,3,True
452,3.0,Freising,POINT (11.746 48.399),POINT (14.286 48.306),Linz,1266-12-04,3,True
453,3.0,Freising,POINT (11.746 48.399),POINT (14.517 48.517),Freistadt,1266-12-04,3,True
454,1.0,Waidhofen,POINT (14.774 47.961),POINT (15.45 47.067),Graz,1267-01-11,3,True
455,3.0,Freising,POINT (11.746 48.399),POINT (15.45 47.067),Graz,1267-01-11,3,True
456,1.0,Judenburg,POINT (14.667 47.167),POINT (15.45 47.067),Graz,1267-01-11,3,True
457,1.0,Lilienfeld,POINT (15.598 48.014),POINT (15.606 48.105),Wilhelmsburg,1267-01-14,3,True
458,,Altenburg (bei Wilhelmsburg),POINT (15.603 48.071),POINT (15.606 48.105),Wilhelmsburg,1267-01-14,3,True
459,3.0,Hohenberg,POINT (15.622 47.91),POINT (15.606 48.105),Wilhelmsburg,1267-01-14,3,True
460,,Arnstein,POINT (16.066 48.03),POINT (15.606 48.105),Wilhelmsburg,1267-01-14,3,True
461,1.0,Türnitz,POINT (15.485 47.929),POINT (15.606 48.105),Wilhelmsburg,1267-01-14,3,True
462,1.0,Stranzendorf,POINT (16.082 48.452),POINT (15.606 48.105),Wilhelmsburg,1267-01-14,3,True
463,1.0,Admont,POINT (14.467 47.583),POINT (16.388 48.221),Wien,1267-01-16,3,True
464,1.0,Lilienfeld,POINT (15.598 48.014),POINT (16.384 48.728),Laa an der Thaya,1267-01-21,3,True
465,1.0,Straning-Grafenberg,POINT (15.864 48.611),POINT (16.384 48.728),Laa an der Thaya,1267-01-21,3,True
466,1.0,Olomouc,POINT (17.252 49.596),POINT (15.579 49.607),Havlíčkův Brod,1267-02-10,3,True
467,1.0,Olomouc,POINT (17.252 49.596),POINT (15.579 49.607),Havlíčkův Brod,1267-02-10,3,True
468,1.0,Praha,POINT (14.41 50.09),POINT (14.41 50.09),Praha,1267-05-19,3,True
469,1.0,Drchkov,POINT (14.076 50.266),POINT (14.41 50.09),Praha,1267-05-19,3,True
470,,Vyšínek,POINT (14.07 50.298),POINT (14.41 50.09),Praha,1267-05-19,3,True
471,1.0,Olomouc,POINT (17.252 49.596),POINT (14.126 50.404),Budyně nad Ohří,1267-08-08,3,True
472,1.0,Zwettl,POINT (15.169 48.607),POINT (16.61 49.19),Brno,1267-11-18,3,True
473,1.0,Krems an der Donau,POINT (15.62 48.41),POINT (16.61 49.19),Brno,1267-11-18,3,True
474,1.0,Eggenburg,POINT (15.819 48.639),POINT (16.61 49.19),Brno,1267-11-18,3,True
475,1.0,Střílky,POINT (17.215 49.14),POINT (16.61 49.19),Brno,1267-11-18,3,True
476,1.0,Marienthal,POINT (14.926 50.997),POINT (14.41 50.09),Praha,1267-12-11,3,True
477,1.0,Temritz,POINT (14.395 51.196),POINT (14.41 50.09),Praha,1267-12-11,3,True
478,1.0,Oberseifersdorf,POINT (14.805 50.942),POINT (14.41 50.09),Praha,1267-12-11,3,True
479,1.0,Vyšehrad,POINT (14.418 50.065),POINT (14.41 50.09),Praha,1267-12-11,3,True
480,1.0,Lilienfeld,POINT (15.598 48.014),POINT (14.41 50.09),Praha,1267-12-11,3,True
481,1.0,Olomouc,POINT (17.252 49.596),POINT (14.41 50.09),Praha,1268-02-22,3,True
482,1.0,Vyšehrad,POINT (14.418 50.065),POINT (14.41 50.09),Praha,1268-03-14,3,True
483,1.0,Zlatá Koruna,POINT (14.37 48.855),POINT (14.148 49.309),Písek,1268-04-01,3,True
484,1.0,Mokrá,POINT (14.132 48.758),POINT (14.148 49.309),Písek,1268-04-01,3,True
485,1.0,Dolní Vltavice,POINT (14.076 48.697),POINT (14.148 49.309),Písek,1268-04-01,3,True
486,1.0,Göttweig,POINT (15.613 48.368),POINT (16.295 48.014),Traiskirchen,1268-04-16,3,True
487,3.0,Hohenberg,POINT (15.622 47.91),POINT (16.295 48.014),Traiskirchen,1268-04-16,3,True
488,1.0,Sankt Veit an der Gölsen,POINT (15.671 48.044),POINT (16.295 48.014),Traiskirchen,1268-04-16,3,True
489,1.0,Litomyšl,POINT (16.313 49.868),POINT (14.41 50.09),Praha,1268-06-23,3,True
490,1.0,Mělník,POINT (14.474 50.351),POINT (14.41 50.09),Praha,1268-06-23,3,True
491,1.0,Heiligenkreuz,POINT (16.131 48.056),POINT (16.05 48.86),Znojmo,1268-08-18,3,True
492,1.0,Seefeld,POINT (16.191 48.724),POINT (16.05 48.86),Znojmo,1268-08-18,3,True
493,1.0,Ladendorf,POINT (16.49 48.535),POINT (16.05 48.86),Znojmo,1268-08-18,3,True
494,1.0,Mailberg,POINT (16.183 48.673),POINT (16.05 48.86),Znojmo,1268-08-18,3,True
495,1.0,Marchegg,POINT (16.891 48.257),POINT (16.05 48.86),Znojmo,1268-08-18,3,True
496,2.0,Böhmen,POINT (nan nan),POINT (16.61 49.19),Brno,1268-09-01,3,True
497,2.0,Mähren,POINT (nan nan),POINT (16.61 49.19),Brno,1268-09-01,3,True
498,2.0,Oberösterreich,POINT (nan nan),POINT (16.61 49.19),Brno,1268-09-01,3,True
499,2.0,Niederösterreich,POINT (nan nan),POINT (16.61 49.19),Brno,1268-09-01,3,True
500,2.0,Steiermark,POINT (nan nan),POINT (16.61 49.19),Brno,1268-09-01,3,True
501,1.0,St. Pölten,POINT (15.633 48.2),POINT (17.395 49.105),Velehrad,1268-09-15,3,True
502,1.0,Perchtoldsdorf,POINT (16.268 48.122),POINT (17.395 49.105),Velehrad,1268-09-15,3,True
503,1.0,Pichel (Dürnstein),POINT (15.525 48.407),POINT (17.395 49.105),Velehrad,1268-09-15,3,True
504,1.0,Melk,POINT (15.33 48.228),POINT (17.209 48.977),Vracov,1268-09-17,3,True
505,1.0,Pfannberg,POINT (15.343 47.243),POINT (17.395 49.105),Velehrad,1268-10-13,3,True
506,1.0,Ptuj,POINT (15.879 46.422),POINT (17.395 49.105),Velehrad,1268-10-13,3,True
507,2.0,Liechtenstein,POINT (16.27 48.093),POINT (17.395 49.105),Velehrad,1268-10-13,3,True
508,1.0,Wildon,POINT (15.503 46.888),POINT (17.395 49.105),Velehrad,1268-10-13,3,True
509,1.0,Stubenberg,POINT (15.807 47.251),POINT (17.395 49.105),Velehrad,1268-10-13,3,True
510,1.0,Pfannberg,POINT (15.343 47.243),POINT (17.395 49.105),Velehrad,1268-10-13,3,True
511,1.0,Sankt Peter am Kammersberg,POINT (14.189 47.186),POINT (17.395 49.105),Velehrad,1268-10-13,3,True
512,1.0,Rabenstein,POINT (14.815 47.401),POINT (17.395 49.105),Velehrad,1268-10-13,3,True
513,1.0,Eppenstein,POINT (14.738 47.131),POINT (17.395 49.105),Velehrad,1268-10-13,3,True
514,1.0,Stubenberg,POINT (15.807 47.251),POINT (17.395 49.105),Velehrad,1268-10-13,3,True
515,1.0,Vyšehrad,POINT (14.418 50.065),POINT (14.41 50.09),Praha,1268-11-26,3,True
516,1.0,Prácheň,POINT (13.681 49.316),POINT (14.41 50.09),Praha,1268-11-26,3,True
517,1.0,Dolní Bukovsko,POINT (14.58 49.171),POINT (14.41 50.09),Praha,1268-11-26,3,True
518,1.0,Písek,POINT (14.148 49.309),POINT (14.41 50.09),Praha,1268-11-26,3,True
519,1.0,Doudleby,POINT (14.5 48.894),POINT (14.41 50.09),Praha,1268-11-26,3,True
520,1.0,Göttweig,POINT (15.613 48.368),POINT (17 49.28),Vyškov,1269-01-27,3,True
521,1.0,Sankt Veit an der Gölsen,POINT (15.671 48.044),POINT (17 49.28),Vyškov,1269-01-27,3,True
522,1.0,St. Pölten,POINT (15.633 48.2),POINT (17 49.28),Vyškov,1269-01-27,3,True
523,1.0,Perchtoldsdorf,POINT (16.268 48.122),POINT (17 49.28),Vyškov,1269-01-27,3,True
524,1.0,Pichel (Dürnstein),POINT (15.525 48.407),POINT (17 49.28),Vyškov,1269-01-27,3,True
525,1.0,Pohled,POINT (15.648 49.604),POINT (15.119 50.142),Poděbrady,1269-03-03,3,True
526,1.0,Mailberg,POINT (16.183 48.673),POINT (15.119 50.142),Poděbrady,1269-03-03,3,True
527,1.0,Michelstetten,POINT (16.429 48.583),POINT (15.119 50.142),Poděbrady,1269-03-03,3,True
528,1.0,Seckau,POINT (14.786 47.275),POINT (15.119 50.142),Poděbrady,1269-03-03,3,True
529,1.0,Melk,POINT (15.33 48.228),POINT (14.132 50.533),Litoměřice,1269-03-04,3,True
530,1.0,Waldhausen im Strudengau,POINT (14.948 48.273),POINT (14.41 50.09),Praha,1269-03-05,3,True
531,2.0,Machland,POINT (nan nan),POINT (14.41 50.09),Praha,1269-03-05,3,True
532,1.0,Waldhausen im Strudengau,POINT (14.948 48.273),POINT (14.41 50.09),Praha,1269-03-05,3,True
533,1.0,Stein an der Donau,POINT (15.582 48.402),POINT (14.41 50.09),Praha,1269-03-05,3,True
534,1.0,Seckau,POINT (14.786 47.275),POINT (14.41 50.09),Praha,1269-03-05,3,True
535,1.0,Waldsassen,POINT (12.306 50.004),POINT (14.41 50.09),Praha,1269-03-05,3,True
536,1.0,Molln,POINT (14.257 47.886),POINT (14.132 50.533),Litoměřice,1269-03-08,3,True
537,1.0,Seckau,POINT (14.786 47.275),POINT (14.41 50.09),Praha,1269-03-17,3,True
538,1.0,Pfannberg,POINT (15.343 47.243),POINT (14.41 50.09),Praha,1269-03-17,3,True
539,1.0,Ptuj,POINT (15.879 46.422),POINT (14.41 50.09),Praha,1269-03-17,3,True
540,2.0,Liechtenstein,POINT (16.27 48.093),POINT (14.41 50.09),Praha,1269-03-17,3,True
541,1.0,Wildon,POINT (15.503 46.888),POINT (14.41 50.09),Praha,1269-03-17,3,True
542,1.0,Stubenberg,POINT (15.807 47.251),POINT (14.41 50.09),Praha,1269-03-17,3,True
543,1.0,Plasy,POINT (13.39 49.934),POINT (13.872 50.038),Křivoklát,1269-03-28,3,True
544,1.0,Ledce,POINT (13.328 49.822),POINT (13.872 50.038),Křivoklát,1269-03-28,3,True
545,1.0,Plzeň,POINT (13.374 49.745),POINT (13.872 50.038),Křivoklát,1269-03-28,3,True
546,1.0,Stříbro,POINT (13.003 49.752),POINT (13.872 50.038),Křivoklát,1269-03-28,3,True
547,1.0,Rakovník,POINT (13.733 50.104),POINT (13.872 50.038),Křivoklát,1269-03-28,3,True
548,1.0,Litomyšl,POINT (16.313 49.868),POINT (14.41 50.09),Praha,1269-05-24,3,True
549,1.0,Olomouc,POINT (17.252 49.596),POINT (14.41 50.09),Praha,1269-05-24,3,True
550,1.0,Svitavy ,POINT (16.468 49.756),POINT (14.41 50.09),Praha,1269-05-24,3,True
551,1.0,Praha,POINT (14.41 50.09),POINT (14.41 50.09),Praha,1269-05-24,3,True
552,1.0,Praha,POINT (14.41 50.09),POINT (14.41 50.09),Praha,1269-05-24,3,True
553,1.0,Praha,POINT (14.41 50.09),POINT (14.41 50.09),Praha,1269-05-24,3,True
554,1.0,Gleink,POINT (14.417 48.067),POINT (16.05 48.86),Znojmo,1269-06-14,3,True
555,1.0,Reinsberg,POINT (15.072 47.986),POINT (16.05 48.86),Znojmo,1269-06-14,3,True
556,3.0,Freising,POINT (11.746 48.399),POINT (16.05 48.86),Znojmo,1269-06-14,3,True
557,1.0,Randegg,POINT (14.973 48.011),POINT (16.05 48.86),Znojmo,1269-06-14,3,True
558,1.0,Reichersberg,POINT (13.358 48.338),POINT (16.05 48.86),Znojmo,1269-06-14,3,True
559,1.0,Neuburg am Inn,POINT (13.405 48.518),POINT (16.05 48.86),Znojmo,1269-06-14,3,True
560,1.0,Seckau,POINT (14.786 47.275),POINT (16.05 48.86),Znojmo,1269-06-14,3,True
561,1.0,Winzendorf-Muthmannsdorf,POINT (16.116 47.81),POINT (16.05 48.86),Znojmo,1269-06-14,3,True
562,1.0,Seckau,POINT (14.786 47.275),POINT (16.05 48.86),Znojmo,1269-06-14,3,True
563,1.0,Dobi,POINT (15.374 46.948),POINT (16.05 48.86),Znojmo,1269-06-14,3,True
564,1.0,Seckau,POINT (14.786 47.275),POINT (16.05 48.86),Znojmo,1269-06-14,3,True
565,1.0,Seckau,POINT (14.786 47.275),POINT (16.05 48.86),Znojmo,1269-06-14,3,True
566,1.0,Leibnitz,POINT (15.539 46.782),POINT (16.05 48.86),Znojmo,1269-06-14,3,True
567,1.0,Sankt Georgen an der Stiefing,POINT (15.576 46.878),POINT (16.05 48.86),Znojmo,1269-06-14,3,True
568,1.0,Wien,POINT (16.388 48.221),POINT (15.893 49.094),Jaroměřice nad Rokytkou,1269-06-24,3,True
569,1.0,Altpölla,POINT (15.378 48.629),POINT (15.893 49.094),Jaroměřice nad Rokytkou,1269-06-24,3,True
570,1.0,Gars am Kamp,POINT (15.662 48.599),POINT (15.893 49.094),Jaroměřice nad Rokytkou,1269-06-24,3,True
571,1.0,Gars am Kamp,POINT (15.662 48.599),POINT (15.893 49.094),Jaroměřice nad Rokytkou,1269-06-24,3,True
572,1.0,Jihlava,POINT (15.591 49.396),POINT (16.61 49.19),Brno,1269-07-08,3,True
573,1.0,Klosterneuburg,POINT (16.325 48.305),POINT (17.829 50.201),Głubczyce,1269-07-19,3,True
574,1.0,Perg,POINT (14.633 48.25),POINT (14.148 49.309),Písek,1269-07-31,3,True
575,1.0,St. Pölten,POINT (15.633 48.2),POINT (14.41 50.09),Praha,1269-09-06,3,True
576,1.0,Falkenberg,POINT (15.732 48.498),POINT (14.41 50.09),Praha,1269-09-06,3,True
577,1.0,Pichel (Dürnstein),POINT (15.525 48.407),POINT (14.41 50.09),Praha,1269-09-06,3,True
578,1.0,Seckau,POINT (14.786 47.275),POINT (14.985 50.134),Sadská,1269-11-12,4,True
579,1.0,Glanz an der Weinstraße,POINT (15.537 46.662),POINT (14.985 50.134),Sadská,1269-11-12,4,True
580,1.0,Litomyšl,POINT (16.313 49.868),POINT (14.41 50.09),Praha,1269-12-28,4,True
581,1.0,Polička,POINT (16.265 49.715),POINT (14.41 50.09),Praha,1269-12-28,4,True
582,1.0,Jihlava,POINT (15.591 49.396),POINT (15.591 49.396),Jihlava,1270-01-12,4,True
583,1.0,Brixen,POINT (11.657 46.716),POINT (16.388 48.221),Wien,1270-02-10,4,True
584,1.0,Wilhering,POINT (14.19 48.324),POINT (16.388 48.221),Wien,1270-02-10,4,True
585,1.0,Wilhering,POINT (14.19 48.324),POINT (16.388 48.221),Wien,1270-02-10,4,True
586,1.0,Gramastetten,POINT (14.192 48.379),POINT (16.388 48.221),Wien,1270-02-10,4,True
587,1.0,Wilhering,POINT (14.19 48.324),POINT (16.388 48.221),Wien,1270-02-10,4,True
588,1.0,Eggendorf am Wagram,POINT (16.04 48.403),POINT (16.388 48.221),Wien,1270-02-10,4,True
589,1.0,Wilhering,POINT (14.19 48.324),POINT (16.388 48.221),Wien,1270-02-10,4,True
590,1.0,Salzburg,POINT (13.048 47.797),POINT (16.388 48.221),Wien,1270-02-10,4,True
591,1.0,St. Lambrecht,POINT (14.3 47.072),POINT (16.388 48.221),Wien,1270-02-10,4,True
592,1.0,Rabenstein an der Pielach,POINT (15.471 48.062),POINT (16.388 48.221),Wien,1270-02-10,4,True
593,1.0,Mariazell,POINT (15.317 47.772),POINT (16.388 48.221),Wien,1270-02-10,4,True
594,1.0,Wilhering,POINT (14.19 48.324),POINT (16.388 48.221),Wien,1270-02-10,4,True
595,1.0,St. Lambrecht,POINT (14.3 47.072),POINT (16.388 48.221),Wien,1270-02-10,4,True
596,1.0,St. Lambrecht,POINT (14.3 47.072),POINT (16.388 48.221),Wien,1270-02-10,4,True
597,1.0,St. Lambrecht,POINT (14.3 47.072),POINT (16.388 48.221),Wien,1270-02-10,4,True
598,1.0,St. Martin,POINT (13.654 47.1),POINT (16.388 48.221),Wien,1270-02-10,4,True
599,1.0,Admont,POINT (14.467 47.583),POINT (16.388 48.221),Wien,1270-02-10,4,True
600,1.0,Spital am Semmering,POINT (15.752 47.615),POINT (16.388 48.221),Wien,1270-02-10,4,True
601,1.0,Töscheldorf,POINT (14.462 46.883),POINT (16.388 48.221),Wien,1270-02-10,4,True
602,1.0,Hochosterwitz,POINT (14.452 46.756),POINT (16.388 48.221),Wien,1270-02-10,4,True
603,1.0,Spital am Semmering,POINT (15.752 47.615),POINT (16.388 48.221),Wien,1270-02-10,4,True
604,1.0,Brugga,POINT (14.461 46.847),POINT (16.388 48.221),Wien,1270-02-10,4,True
605,1.0,St. Lambrecht,POINT (14.3 47.072),POINT (16.388 48.221),Wien,1270-02-10,4,True
606,1.0,Rabenstein an der Pielach,POINT (15.471 48.062),POINT (16.388 48.221),Wien,1270-02-10,4,True
607,3.0,Freising,POINT (11.746 48.399),POINT (16.388 48.221),Wien,1270-02-10,4,True
608,3.0,Freising,POINT (11.746 48.399),POINT (16.388 48.221),Wien,1270-02-10,4,True
609,3.0,Freising,POINT (11.746 48.399),POINT (16.388 48.221),Wien,1270-02-10,4,True
610,1.0,Mondsee,POINT (13.35 47.855),POINT (16.388 48.221),Wien,1270-02-10,4,True
611,1.0,Bad Ischl,POINT (13.621 47.712),POINT (16.388 48.221),Wien,1270-02-10,4,True
612,1.0,Judenburg,POINT (14.667 47.167),POINT (16.388 48.221),Wien,1270-02-10,4,True
613,1.0,Wiener Neustadt,POINT (16.24 47.81),POINT (16.388 48.221),Wien,1270-02-10,4,True
614,1.0,Velehrad,POINT (17.395 49.105),POINT (16.61 49.19),Brno,1270-02-24,4,True
615,3.0,Alt-Melon/Altmelon,POINT (14.966 48.462),POINT (14.41 50.09),Praha,1270-03-22,4,True
616,1.0,Kremsmünster,POINT (14.128 48.053),POINT (16.05 48.86),Znojmo,1270-06-11,4,True
617,1.0,Martinsberg,POINT (15.149 48.376),POINT (16.05 48.86),Znojmo,1270-06-11,4,True
618,3.0,Freising,POINT (11.746 48.399),POINT (16.61 49.19),Brno,1270-07-28,4,True
619,1.0,Randegg,POINT (14.973 48.011),POINT (16.61 49.19),Brno,1270-07-28,4,True
620,3.0,Freising,POINT (11.746 48.399),POINT (16.61 49.19),Brno,1270-07-28,4,True
621,1.0,Ollern,POINT (16.085 48.267),POINT (16.61 49.19),Brno,1270-07-28,4,True
622,1.0,Olomouc,POINT (17.252 49.596),POINT (14.41 50.09),Praha,1270-10-02,4,True
623,1.0,Olomouc,POINT (17.252 49.596),POINT (14.41 50.09),Praha,1270-10-02,4,True
624,1.0,Olomouc,POINT (17.252 49.596),POINT (14.41 50.09),Praha,1270-10-02,4,True
625,1.0,Olomouc,POINT (17.252 49.596),POINT (14.41 50.09),Praha,1270-10-02,4,True
626,1.0,Wrocław,POINT (17.034 51.109),POINT (14.41 50.09),Praha,1270-10-02,4,True
627,1.0,Lemberg pri Novi Cerkvi/Lemberg bei Neuhaus,POINT (15.247 46.322),POINT (14.253 49.639),Kamýk nad Vltavou,1270-10-02,4,True
628,1.0,Gurk,POINT (14.288 46.875),POINT (14.253 49.639),Kamýk nad Vltavou,1270-10-02,4,True
629,1.0,Straßberg,POINT (15.158 45.993),POINT (14.253 49.639),Kamýk nad Vltavou,1270-10-02,4,True
630,1.0,Tulln,POINT (16.059 48.331),POINT (16.388 48.221),Wien,1270-11-01,4,True
631,1.0,Tulln,POINT (16.059 48.331),POINT (16.388 48.221),Wien,1270-11-01,4,True
632,1.0,St. Pölten,POINT (15.633 48.2),POINT (16.388 48.221),Wien,1270-11-01,4,True
633,1.0,Seckau,POINT (14.786 47.275),POINT (16.388 48.221),Wien,1270-11-01,4,True
634,2.0,Arzwald,POINT (15.283 47.217),POINT (16.388 48.221),Wien,1270-11-01,4,True
635,3.0,Stadlau,POINT (16.449 48.221),POINT (16.388 48.221),Wien,1270-11-01,4,True
636,3.0,Žiče,POINT (15.476 46.315),POINT (15.079 46.516),Slovenj Gradec,1270-11-12,4,True
637,3.0,Žiče,POINT (15.476 46.315),POINT (15.079 46.516),Slovenj Gradec,1270-11-12,4,True
638,1.0,Prepolje,POINT (15.765 46.445),POINT (15.079 46.516),Slovenj Gradec,1270-11-12,4,True
639,1.0,Kostanjevica na Krki,POINT (15.42 45.846),POINT (15.42 45.846),Kostanjevica na Krki,1270-11-22,4,True
640,1.0,Kostanjevica na Krki,POINT (15.42 45.846),POINT (15.42 45.846),Kostanjevica na Krki,1270-11-22,4,True
641,1.0,Kostanjevica na Krki,POINT (15.42 45.846),POINT (14.806 45.957),Stična,1270-11-26,4,True
642,1.0,Kostanjevica na Krki,POINT (15.42 45.846),POINT (14.806 45.957),Stična,1270-11-26,4,True
643,1.0,Gurk,POINT (14.288 46.875),POINT (14.806 45.957),Stična,1270-11-26,4,True
644,1.0,Ljubljana,POINT (14.507 46.05),POINT (14.507 46.05),Ljubljana,1270-11-29,4,True
645,1.0,Kamnik,POINT (14.606 46.223),POINT (14.507 46.05),Ljubljana,1270-11-29,4,True
646,1.0,Viktring,POINT (14.27 46.589),POINT (13.856 46.61),Villach,1270-12-06,4,True
647,1.0,Muta,POINT (15.165 46.609),POINT (13.856 46.61),Villach,1270-12-06,4,True
648,1.0,Salzburg,POINT (13.048 47.797),POINT (14.326 46.984),Friesach,1270-12-09,4,True
649,1.0,Salzburg,POINT (13.048 47.797),POINT (14.667 47.167),Judenburg,1270-12-12,4,True
650,1.0,Klagenfurt,POINT (14.31 46.624),POINT (14.667 47.167),Judenburg,1270-12-12,4,True
651,1.0,Salzburg,POINT (13.048 47.797),POINT (14.667 47.167),Judenburg,1270-12-12,4,True
652,1.0,Salzburg,POINT (13.048 47.797),POINT (14.667 47.167),Judenburg,1270-12-12,4,True
653,1.0,Brno,POINT (16.61 49.19),POINT (16.61 49.19),Brno,1271-04-07,4,True
654,1.0,Diváky,POINT (16.79 48.989),POINT (16.61 49.19),Brno,1271-04-07,4,True
655,1.0,Bratislava,POINT (17.103 48.142),POINT (17.103 48.142),Bratislava,1271-04-16,4,False
656,1.0,Perchtoldsdorf,POINT (16.268 48.122),POINT (17.103 48.142),Bratislava,1271-04-16,4,False
657,1.0,Svätý Júr,POINT (17.213 48.254),POINT (17.213 48.254),Svätý Júr,1271-04-18,4,False
658,1.0,Pezinok,POINT (17.269 48.29),POINT (17.269 48.29),Pezinok,1271-04-19,4,False
659,1.0,Červený Kameň,POINT (17.335 48.392),POINT (17.335 48.392),Červený Kameň,1271-04-21,4,False
660,1.0,Trnava,POINT (17.586 48.377),POINT (17.586 48.377),Trnava,1271-04-25,4,False
661,1.0,Nitra,POINT (18.089 48.313),POINT (17.733 48.285),Sereď,1271-05-03,4,False
662,1.0,Bratislava,POINT (17.103 48.142),POINT (17.103 48.142),Bratislava,1271-05-11,4,False
663,1.0,Magyaróvár,POINT (17.264 47.873),POINT (17.264 47.873),Magyaróvár,1271-05-15,4,False
664,1.0,Lilienfeld,POINT (15.598 48.014),POINT (16.388 48.221),Wien,1271-06-22,4,True
665,1.0,Straning-Grafenberg,POINT (15.864 48.611),POINT (16.388 48.221),Wien,1271-06-22,4,True
666,1.0,Wien,POINT (16.388 48.221),POINT (16.388 48.221),Wien,1271-06-22,4,True
667,3.0,Chotěšov,POINT (13.203 49.654),POINT (14.41 50.09),Praha,1271-10-30,4,True
668,1.0,Staňkov,POINT (13.072 49.554),POINT (14.41 50.09),Praha,1271-10-30,4,True
669,1.0,Ohučov,POINT (13.08 49.57),POINT (14.41 50.09),Praha,1271-10-30,4,True
670,3.0,Chotěšov,POINT (13.203 49.654),POINT (14.41 50.09),Praha,1271-10-30,4,True
671,1.0,Hrušovany,POINT (14.28 50.52),POINT (14.41 50.09),Praha,1271-10-30,4,True
672,1.0,Vrutice,POINT (14.292 50.502),POINT (14.41 50.09),Praha,1271-10-30,4,True
673,1.0,Svařenice,POINT (14.3 50.5),POINT (14.41 50.09),Praha,1271-10-30,4,True
674,1.0,Trnová,POINT (14.357 49.915),POINT (14.41 50.09),Praha,1271-10-30,4,True
675,1.0,Litochovice nad Labem,POINT (14.034 50.557),POINT (14.41 50.09),Praha,1271-10-30,4,True
676,1.0,Rein,POINT (15.285 47.135),POINT (14.41 50.09),Praha,1271-10-30,4,True
677,1.0,Praha,POINT (14.41 50.09),POINT (14.41 50.09),Praha,1271-10-30,4,True
678,1.0,Opava,POINT (17.903 49.939),POINT (17.034 51.109),Wrocław,1271-12-09,4,False
679,1.0,Jihlava,POINT (15.591 49.396),POINT (14.41 50.09),Praha,1272-02-05,4,True
680,1.0,Radlje ob Dravi,POINT (15.222 46.615),POINT (14.41 50.09),Praha,1272-02-05,4,True
681,1.0,Praha,POINT (14.41 50.09),POINT (14.41 50.09),Praha,1272-02-05,4,True
682,1.0,Kirchberg am Wechsel,POINT (15.989 47.61),POINT (14.394 49.976),Zbraslav,1272-02-27,4,True
683,1.0,Praha,POINT (14.41 50.09),POINT (15.119 50.142),Poděbrady,1272-03-08,4,True
684,1.0,Praha,POINT (14.41 50.09),POINT (15.119 50.142),Poděbrady,1272-03-08,4,True
685,1.0,Praha,POINT (14.41 50.09),POINT (15.119 50.142),Poděbrady,1272-03-08,4,True
686,1.0,Praha,POINT (14.41 50.09),POINT (14.41 50.09),Praha,1272-03-14,4,True
687,1.0,Osek,POINT (13.693 50.621),POINT (15.119 50.142),Poděbrady,1272-04-02,4,True
688,1.0,Horní Slavkov,POINT (12.808 50.139),POINT (15.119 50.142),Poděbrady,1272-04-02,4,True
689,1.0,Radlje ob Dravi,POINT (15.222 46.615),POINT (14.41 50.09),Praha,1272-08-05,4,True
690,1.0,Litoměřice,POINT (14.132 50.533),POINT (14.41 50.09),Praha,1272-08-05,4,True
691,1.0,Plauen,POINT (12.139 50.494),POINT (14.41 50.09),Praha,1272-08-05,4,True
692,1.0,Kraslice,POINT (12.517 50.324),POINT (14.41 50.09),Praha,1272-08-05,4,True
693,1.0,Osek,POINT (13.693 50.621),POINT (14.41 50.09),Praha,1272-08-05,4,True
694,1.0,Svatobor,POINT (13.021 50.244),POINT (14.41 50.09),Praha,1272-08-05,4,True
695,1.0,Osek,POINT (13.693 50.621),POINT (14.41 50.09),Praha,1272-08-05,4,True
696,1.0,České Kopisty,POINT (14.168 50.525),POINT (14.41 50.09),Praha,1272-08-05,4,True
697,1.0,Osek,POINT (13.693 50.621),POINT (14.41 50.09),Praha,1272-08-05,4,True
698,1.0,Studenice,POINT (15.613 46.302),POINT (16.388 48.221),Wien,1272-10-01,4,True
699,3.0,Sonnegg,POINT (14.641 46.559),POINT (16.388 48.221),Wien,1272-10-01,4,True
700,1.0,Uherský Brod,POINT (17.647 49.025),POINT (16.61 49.19),Brno,1272-11-20,4,True
701,1.0,Melk,POINT (15.33 48.228),POINT (15.62 48.41),Krems an der Donau,1272-12-26,4,True
702,1.0,Eger,POINT (20.373 47.903),POINT (14.394 49.976),Zbraslav,1273-01-18,4,True
703,1.0,Dřenice,POINT (15.745 49.983),POINT (14.394 49.976),Zbraslav,1273-01-18,4,True
704,1.0,Vyšší Brod,POINT (14.312 48.618),POINT (14.208 49.223),Myšenec,1273-02-16,4,True
705,1.0,Rožnov u Českých Budějovic,POINT (14.467 48.948),POINT (14.208 49.223),Myšenec,1273-02-16,4,True
706,1.0,Němčice,POINT (14.269 49.031),POINT (14.208 49.223),Myšenec,1273-02-16,4,True
707,3.0,Kladruby,POINT (12.995 49.712),POINT (14.192 49.439),Zvíkov,1273-03-13,4,True
708,1.0,Zahořany,POINT (13.002 49.434),POINT (14.192 49.439),Zvíkov,1273-03-13,4,True
709,1.0,Zhoř (Tachov),POINT (12.969 49.66),POINT (14.192 49.439),Zvíkov,1273-03-13,4,True
710,1.0,Heiligenkreuz,POINT (16.131 48.056),POINT (14.361 49.45),Milevsko,1273-04-01,4,True
711,1.0,Marienthal,POINT (14.926 50.997),POINT (14.41 50.09),Praha,1273-05-09,4,True
712,2.0,Russdorf bei Ostritz,POINT (14.931 51.016),POINT (14.41 50.09),Praha,1273-05-09,4,True
713,1.0,Wien,POINT (16.388 48.221),POINT (14.394 49.976),Zbraslav,1273-06-03,4,True
714,1.0,Unterlaa,POINT (16.419 48.128),POINT (14.394 49.976),Zbraslav,1273-06-03,4,True
715,1.0,Ardagger,POINT (14.833 48.183),POINT (16.05 48.86),Znojmo,1273-06-24,4,True
716,1.0,Tulln,POINT (16.059 48.331),POINT (16.05 48.86),Znojmo,1273-06-24,4,True
717,1.0,Žďár nad Sázavou,POINT (15.939 49.564),POINT (16.61 49.19),Brno,1273-07-08,4,True
718,1.0,Kappling,POINT (13.902 48.144),POINT (17.103 48.142),Bratislava,1273-07-26,4,False
719,1.0,Tobra,POINT (14.686 48.231),POINT (17.103 48.142),Bratislava,1273-07-26,4,False
720,1.0,Bratislava,POINT (17.103 48.142),POINT (17.103 48.142),Bratislava,1273-08-21,4,False
721,1.0,Magyaróvár,POINT (17.264 47.873),POINT (17.264 47.873),Magyaróvár,1273-09-12,4,False
722,1.0,Györ,POINT (17.635 47.688),POINT (17.635 47.688),Györ,1273-09-27,4,False
723,1.0,Pannonhalma,POINT (17.755 47.549),POINT (17.755 47.549),Pannonhalma,1273-09-28,4,False
724,1.0,Imbach,POINT (15.576 48.439),POINT (16.59 47.685),Sopron,1273-10-13,4,False
725,1.0,Krems an der Donau,POINT (15.62 48.41),POINT (16.59 47.685),Sopron,1273-10-13,4,False
726,1.0,Sopron,POINT (16.59 47.685),POINT (16.59 47.685),Sopron,1273-10-13,4,False
727,1.0,Raitenhaslach,POINT (12.787 48.129),POINT (15.62 48.41),Krems an der Donau,1273-11-19,4,True
728,1.0,Neuburg am Inn,POINT (13.405 48.518),POINT (15.62 48.41),Krems an der Donau,1273-11-19,4,True
729,1.0,Spital am Semmering,POINT (15.752 47.615),POINT (16.61 49.19),Brno,1273-12-31,4,True
730,3.0,Pottschach,POINT (16 47.704),POINT (16.61 49.19),Brno,1273-12-31,4,True
731,1.0,Wimpassing im Schwarzatale,POINT (16.032 47.7),POINT (16.61 49.19),Brno,1273-12-31,4,True
732,1.0,Apfaltersbach,POINT (15.902 47.676),POINT (16.61 49.19),Brno,1273-12-31,4,True
733,3.0,Freising,POINT (11.746 48.399),POINT (16.61 49.19),Brno,1273-12-31,4,True
734,1.0,Wien,POINT (16.388 48.221),POINT (16.61 49.19),Brno,1273-12-31,4,True
735,1.0,Olomouc,POINT (17.252 49.596),POINT (14.41 50.09),Praha,1274-01-08,4,True
736,1.0,Heiligenkreuz,POINT (16.131 48.056),POINT (16.384 48.728),Laa an der Thaya,1274-02-03,4,True
737,1.0,Bruck an der Leitha,POINT (16.782 48.027),POINT (16.384 48.728),Laa an der Thaya,1274-02-03,4,True
738,1.0,Melk,POINT (15.33 48.228),POINT (14.41 50.09),Praha,1274-03-14,4,True
739,1.0,Zelking-Matzleinsdorf,POINT (15.255 48.183),POINT (14.41 50.09),Praha,1274-03-14,4,True
740,1.0,Ysperklamm,POINT (15.061 48.339),POINT (14.41 50.09),Praha,1274-03-14,4,True
741,1.0,Melk,POINT (15.33 48.228),POINT (16.388 48.221),Wien,1274-04-04,4,True
742,1.0,Mödling,POINT (16.283 48.086),POINT (16.388 48.221),Wien,1274-04-04,4,True
743,1.0,Viktring,POINT (14.27 46.589),POINT (15.45 47.067),Graz,1274-04-25,4,True
744,1.0,Klagenfurt,POINT (14.31 46.624),POINT (15.45 47.067),Graz,1274-04-25,4,True
745,1.0,Dravograd,POINT (15.024 46.589),POINT (15.45 47.067),Graz,1274-04-25,4,True
746,1.0,Gornji Grad,POINT (14.801 46.289),POINT (15.45 47.067),Graz,1274-04-25,4,True
747,3.0,Freising,POINT (11.746 48.399),POINT (15.45 47.067),Graz,1274-04-25,4,True
748,1.0,Spital am Semmering,POINT (15.752 47.615),POINT (15.45 47.067),Graz,1274-04-25,4,True
749,1.0,Gössendorf,POINT (15.486 46.998),POINT (15.45 47.067),Graz,1274-04-25,4,True
750,1.0,Leising bei Kraubath,POINT (14.934 47.299),POINT (15.45 47.067),Graz,1274-04-25,4,True
751,3.0,Žiče,POINT (15.476 46.315),POINT (15.45 47.067),Graz,1274-04-25,4,True
752,1.0,Kostanjevica na Krki,POINT (15.42 45.846),POINT (15.45 47.067),Graz,1274-04-25,4,True
753,1.0,Zwettl,POINT (15.169 48.607),POINT (16.388 48.221),Wien,1274-05-20,4,True
754,1.0,Linz,POINT (14.286 48.306),POINT (16.388 48.221),Wien,1274-05-20,4,True
755,1.0,Stein an der Donau,POINT (15.582 48.402),POINT (16.388 48.221),Wien,1274-05-20,4,True
756,1.0,Zwettl,POINT (15.169 48.607),POINT (16.388 48.221),Wien,1274-05-20,4,True
757,1.0,Neuburg am Inn,POINT (13.405 48.518),POINT (16.388 48.221),Wien,1274-05-20,4,True
758,1.0,Ybbs an der Donau,POINT (15.064 48.175),POINT (16.388 48.221),Wien,1274-05-20,4,True
759,1.0,Linz,POINT (14.286 48.306),POINT (16.388 48.221),Wien,1274-05-20,4,True
760,1.0,Garsten,POINT (14.409 48.022),POINT (16.388 48.221),Wien,1274-05-20,4,True
761,2.0,Münichreith um Garsten,POINT (14.411 48.02),POINT (16.388 48.221),Wien,1274-05-20,4,True
762,1.0,Heiligenkreuz,POINT (16.131 48.056),POINT (16.388 48.221),Wien,1274-05-20,4,True
763,1.0,Neuburg am Inn,POINT (13.405 48.518),POINT (16.388 48.221),Wien,1274-05-20,4,True
764,1.0,Heiligenkreuz,POINT (16.131 48.056),POINT (16.388 48.221),Wien,1274-05-20,4,True
765,1.0,Neuburg am Inn,POINT (13.405 48.518),POINT (16.388 48.221),Wien,1274-05-20,4,True
766,1.0,Wien,POINT (16.388 48.221),POINT (16.388 48.221),Wien,1274-05-20,4,True
767,1.0,Olomouc,POINT (17.252 49.596),POINT (16.61 49.19),Brno,1274-06-11,4,True
768,1.0,Roštín,POINT (17.286 49.189),POINT (16.61 49.19),Brno,1274-06-11,4,True
769,1.0,Sudice,POINT (16.669 49.53),POINT (16.61 49.19),Brno,1274-06-11,4,True
770,1.0,Olomouc,POINT (17.252 49.596),POINT (14.41 50.09),Praha,1274-09-21,4,True
771,1.0,Kozłówki,POINT (17.968 50.089),POINT (14.41 50.09),Praha,1274-09-21,4,True
772,2.0,Klevevž (Klingenfels),POINT (15.233 45.907),POINT (14.41 50.09),Praha,1274-09-21,4,True
773,1.0,Planina pri Sevnici,POINT (15.405 46.105),POINT (14.41 50.09),Praha,1274-09-21,4,True
774,2.0,Kärnten,POINT (nan nan),POINT (14.41 50.09),Praha,1274-09-21,4,True
775,1.0,Rinchnach,POINT (13.199 48.95),POINT (14.148 49.309),Písek,1274-10-31,4,True
776,1.0,Stein an der Donau,POINT (15.582 48.402),POINT (14.148 49.309),Písek,1274-10-31,4,True
777,1.0,Ybbs an der Donau,POINT (15.064 48.175),POINT (14.148 49.309),Písek,1274-10-31,4,True
778,1.0,Emmersdorf an der Donau,POINT (15.324 48.253),POINT (14.148 49.309),Písek,1274-10-31,4,True
779,1.0,Mauthausen,POINT (14.516 48.241),POINT (14.148 49.309),Písek,1274-10-31,4,True
780,1.0,Linz,POINT (14.286 48.306),POINT (14.148 49.309),Písek,1274-10-31,4,True
781,3.0,Freising,POINT (11.746 48.399),POINT (14.148 49.309),Písek,1274-10-31,4,True
782,1.0,Škofja Loka,POINT (14.314 46.167),POINT (14.148 49.309),Písek,1274-10-31,4,True
783,1.0,Praha,POINT (14.41 50.09),POINT (14.41 50.09),Praha,1274-11-28,4,True
784,1.0,Čáslav,POINT (15.389 49.91),POINT (14.41 50.09),Praha,1274-11-28,4,True
785,3.0,Úherce,POINT (14.99 50.369),POINT (14.41 50.09),Praha,1274-11-28,4,True
786,1.0,Mělník,POINT (14.474 50.351),POINT (14.41 50.09),Praha,1274-11-28,4,True
787,1.0,Praha,POINT (14.41 50.09),POINT (14.41 50.09),Praha,1274-11-28,4,True
788,1.0,Passau,POINT (13.469 48.575),POINT (13.405 48.518),Neuburg am Inn,1274-12-17,4,True
789,1.0,Neuburg am Inn,POINT (13.405 48.518),POINT (13.405 48.518),Neuburg am Inn,1274-12-17,4,True
790,1.0,Olomouc,POINT (17.252 49.596),POINT (17.39 48.986),Uherský Ostroh,1275-01-14,4,True
791,1.0,Přerov,POINT (17.451 49.455),POINT (17.39 48.986),Uherský Ostroh,1275-01-14,4,True
792,1.0,Seckau,POINT (14.786 47.275),POINT (16.388 48.221),Wien,1275-02-11,4,True
793,1.0,Offenburg,POINT (14.595 47.234),POINT (16.388 48.221),Wien,1275-02-11,4,True
794,1.0,Liesing,POINT (16.299 48.146),POINT (16.388 48.221),Wien,1275-02-11,4,True
795,1.0,Seckau,POINT (14.786 47.275),POINT (16.388 48.221),Wien,1275-02-11,4,True
796,1.0,Seckau,POINT (14.786 47.275),POINT (16.388 48.221),Wien,1275-02-11,4,True
797,1.0,Offenburg,POINT (14.595 47.234),POINT (16.388 48.221),Wien,1275-02-11,4,True
798,1.0,Knittelfeld,POINT (14.836 47.2),POINT (16.388 48.221),Wien,1275-02-11,4,True
799,2.0,Feistritz bei Prank,POINT (14.863 47.279),POINT (16.388 48.221),Wien,1275-02-11,4,True
800,1.0,Osek,POINT (13.693 50.621),POINT (16.388 48.221),Wien,1275-02-11,4,True
801,1.0,Osek,POINT (13.693 50.621),POINT (16.388 48.221),Wien,1275-02-11,4,True
802,1.0,Salzburg,POINT (13.048 47.797),POINT (14.41 50.09),Praha,1275-03-23,4,True
803,3.0,Chotěšov,POINT (13.203 49.654),POINT (14.41 50.09),Praha,1275-03-23,4,True
804,1.0,Raitenhaslach,POINT (12.787 48.129),POINT (14.41 50.09),Praha,1275-03-23,4,True
805,1.0,Stein an der Donau,POINT (15.582 48.402),POINT (14.41 50.09),Praha,1275-03-23,4,True
806,1.0,Ybbs an der Donau,POINT (15.064 48.175),POINT (14.41 50.09),Praha,1275-03-23,4,True
807,1.0,Emmersdorf an der Donau,POINT (15.324 48.253),POINT (14.41 50.09),Praha,1275-03-23,4,True
808,1.0,Linz,POINT (14.286 48.306),POINT (14.41 50.09),Praha,1275-03-23,4,True
809,3.0,Kladruby,POINT (12.995 49.712),POINT (14.41 50.09),Praha,1275-03-23,4,True
810,1.0,St. Lambrecht,POINT (14.3 47.072),POINT (16.61 49.19),Brno,1275-04-28,4,True
811,1.0,Neumarkt,POINT (14.438 47.058),POINT (16.61 49.19),Brno,1275-04-28,4,True
812,1.0,Neumarkt,POINT (14.438 47.058),POINT (16.61 49.19),Brno,1275-04-28,4,True
813,1.0,Salzburg,POINT (13.048 47.797),POINT (14.41 50.09),Praha,1275-06-02,4,True
814,1.0,Salzburg,POINT (13.048 47.797),POINT (14.41 50.09),Praha,1275-06-02,4,True
815,1.0,Olomouc,POINT (17.252 49.596),POINT (14.41 50.09),Praha,1275-06-02,4,True
816,3.0,Fulštejn,POINT (17.714 50.243),POINT (14.41 50.09),Praha,1275-06-02,4,True
817,3.0,Fulštejn,POINT (17.714 50.243),POINT (14.41 50.09),Praha,1275-06-02,4,True
818,1.0,Uherský Brod,POINT (17.647 49.025),POINT (14.253 49.639),Kamýk nad Vltavou,1275-06-21,4,True
819,1.0,Rein,POINT (15.285 47.135),POINT (16.462 49.257),Veveří,1275-08-30,4,True
820,2.0,Steiermark,POINT (nan nan),POINT (16.462 49.257),Veveří,1275-08-30,4,True
821,3.0,Dědice,POINT (16.977 49.295),POINT (16.462 49.257),Veveří,1275-08-30,4,True
822,1.0,Bad Aussee,POINT (13.784 47.609),POINT (16.462 49.257),Veveří,1275-08-30,4,True
823,1.0,Głubczyce,POINT (17.829 50.201),POINT (14.253 49.639),Kamýk nad Vltavou,1275-09-16,4,True
824,1.0,Waldsassen,POINT (12.306 50.004),POINT (14.253 49.639),Kamýk nad Vltavou,1275-09-16,4,True
825,1.0,Planá,POINT (12.744 49.868),POINT (14.253 49.639),Kamýk nad Vltavou,1275-09-16,4,True
826,1.0,Jihlava,POINT (15.591 49.396),POINT (16.61 49.19),Brno,1275-11-03,4,True
827,1.0,Trnovany,POINT (13.601 50.316),POINT (13.872 50.038),Křivoklát,1276-01-12,4,True
828,1.0,Očihovec,POINT (13.474 50.19),POINT (13.872 50.038),Křivoklát,1276-01-12,4,True
829,1.0,Cerhovice,POINT (13.835 49.85),POINT (13.872 50.038),Křivoklát,1276-01-12,4,True
830,1.0,Teplá,POINT (12.862 49.98),POINT (14.41 50.09),Praha,1276-03-23,4,True
831,1.0,Gurk,POINT (14.288 46.875),POINT (14.41 50.09),Praha,1276-03-23,4,True
832,1.0,Podgrad,POINT (15.226 46.131),POINT (14.41 50.09),Praha,1276-03-23,4,True
833,1.0,Šentjur pri Celju,POINT (15.397 46.214),POINT (14.41 50.09),Praha,1276-03-23,4,True
834,1.0,Doksany,POINT (14.16 50.455),POINT (14.41 50.09),Praha,1276-03-23,4,True
835,1.0,Doksany,POINT (14.16 50.455),POINT (14.41 50.09),Praha,1276-03-23,4,True
836,1.0,Vilémov,POINT (15.535 49.814),POINT (14.41 50.09),Praha,1276-03-23,4,True
837,2.0,Oberösterreich,POINT (nan nan),POINT (15.119 50.142),Poděbrady,1276-04-11,4,True
838,2.0,Niederösterreich,POINT (nan nan),POINT (15.119 50.142),Poděbrady,1276-04-11,4,True
839,1.0,Olomouc,POINT (17.252 49.596),POINT (16.61 49.19),Brno,1276-05-06,4,True
840,1.0,Hejčín,POINT (17.24 49.605),POINT (16.61 49.19),Brno,1276-05-06,4,True
841,3.0,Freising,POINT (11.746 48.399),POINT (16.61 49.19),Brno,1276-05-06,4,True
842,3.0,Freising,POINT (11.746 48.399),POINT (16.61 49.19),Brno,1276-05-06,4,True
843,1.0,Waidhofen an der Ybbs,POINT (14.774 47.961),POINT (16.61 49.19),Brno,1276-05-06,4,True
844,1.0,Holenstein an der Ybbs,POINT (14.771 47.806),POINT (16.61 49.19),Brno,1276-05-06,4,True
845,1.0,Ulmerfeld,POINT (14.822 48.076),POINT (16.61 49.19),Brno,1276-05-06,4,True
846,1.0,Seckau,POINT (14.786 47.275),POINT (16.61 49.19),Brno,1276-05-06,4,True
847,1.0,Massenburg,POINT (15.097 47.375),POINT (16.61 49.19),Brno,1276-05-06,4,True
848,1.0,Massenburg,POINT (15.097 47.375),POINT (16.61 49.19),Brno,1276-05-06,4,True
849,1.0,Wien,POINT (16.388 48.221),POINT (14.41 50.09),Praha,1276-05-19,4,True
850,1.0,Olomouc,POINT (17.252 49.596),POINT (16.05 48.86),Znojmo,1276-06-04,4,True
851,1.0,Rozvadovice,POINT (17.092 49.676),POINT (16.05 48.86),Znojmo,1276-06-04,4,True
852,1.0,Brno,POINT (16.61 49.19),POINT (16.05 48.86),Znojmo,1276-06-04,4,True
853,1.0,Klosterneuburg,POINT (16.325 48.305),POINT (16.05 48.86),Znojmo,1276-06-04,4,True
854,3.0,Freising,POINT (11.746 48.399),POINT (16.05 48.86),Znojmo,1276-06-04,4,True
855,1.0,Theiß,POINT (15.692 48.399),POINT (16.05 48.86),Znojmo,1276-06-04,4,True
856,1.0,Salzburg,POINT (13.048 47.797),POINT (16.05 48.86),Znojmo,1276-06-04,4,True
857,1.0,Dobrenje,POINT (15.662 46.609),POINT (16.05 48.86),Znojmo,1276-06-04,4,True
858,1.0,Salzburg,POINT (13.048 47.797),POINT (16.05 48.86),Znojmo,1276-06-04,4,True
859,1.0,Neumarkt,POINT (14.438 47.058),POINT (16.05 48.86),Znojmo,1276-06-04,4,True
860,1.0,Salzburg,POINT (13.048 47.797),POINT (16.05 48.86),Znojmo,1276-06-04,4,True
861,1.0,Linz,POINT (14.286 48.306),POINT (16.05 48.86),Znojmo,1276-06-04,4,True
862,1.0,Linz,POINT (14.286 48.306),POINT (16.05 48.86),Znojmo,1276-06-04,4,True
863,1.0,Nová Říše,POINT (15.564 49.139),POINT (15.935 49.074),Přištpo,1276-06-18,4,True
864,1.0,Baumgartenberg,POINT (14.744 48.209),POINT (14.517 48.517),Freistadt,1276-07-17,4,True
865,1.0,Krems an der Donau,POINT (15.62 48.41),POINT (14.517 48.517),Freistadt,1276-07-17,4,True
866,1.0,Krems an der Donau,POINT (15.62 48.41),POINT (14.517 48.517),Freistadt,1276-07-17,4,True
867,1.0,Baumgartenberg,POINT (14.744 48.209),POINT (14.517 48.517),Freistadt,1276-07-17,4,True
868,1.0,Gleink,POINT (14.417 48.067),POINT (14.517 48.517),Freistadt,1276-07-17,4,True
869,1.0,Haidershofen,POINT (14.458 48.075),POINT (14.517 48.517),Freistadt,1276-07-17,4,True
870,1.0,Stainz,POINT (15.264 46.894),POINT (14.41 50.09),Praha,1276-09-18,4,True
871,1.0,Spital am Pyhrn,POINT (14.34 47.665),POINT (14.41 50.09),Praha,1276-09-18,4,True
872,1.0,Kremsmünster,POINT (14.128 48.053),POINT (14.41 50.09),Praha,1276-09-18,4,True
873,1.0,Windischgarsten,POINT (14.328 47.722),POINT (14.41 50.09),Praha,1276-09-18,4,True
874,1.0,Spital am Pyhrn,POINT (14.34 47.665),POINT (14.41 50.09),Praha,1276-09-18,4,True
875,1.0,Windischgarsten,POINT (14.328 47.722),POINT (14.41 50.09),Praha,1276-09-18,4,True
876,1.0,Judenburg,POINT (14.667 47.167),POINT (14.41 50.09),Praha,1276-09-18,4,True
877,1.0,Puchheim,POINT (13.721 48.011),POINT (14.517 48.517),Freistadt,1276-10-06,4,True
878,1.0,Valtice,POINT (16.755 48.741),POINT (14.517 48.517),Freistadt,1276-10-06,4,True
879,1.0,Zwettl,POINT (15.169 48.607),POINT (15.169 48.607),Zwettl,1276-10-10,4,True
880,1.0,Opava,POINT (17.903 49.939),POINT (16.61 49.19),Brno,1277-05-04,5,True
881,2.0,Skřípov,POINT (17.91 49.819),POINT (16.61 49.19),Brno,1277-05-04,5,True
882,1.0,Nürnberg,POINT (11.075 49.452),POINT (16.61 49.19),Brno,1277-05-04,5,True
883,1.0,Olomouc,POINT (17.252 49.596),POINT (16.61 49.19),Brno,1277-05-04,5,True
884,1.0,Bítov,POINT (15.729 48.936),POINT (16.61 49.19),Brno,1277-05-04,5,True
885,1.0,Břevnov,POINT (14.383 50.074),POINT (16.61 49.19),Brno,1277-05-04,5,True
886,2.0,Žďákov,POINT (14.167 49.505),POINT (16.61 49.19),Brno,1277-05-04,5,True
887,1.0,Nürnberg,POINT (11.075 49.452),POINT (15.003 49.144),Jindřichův Hradec,1277-05-17,5,True
888,1.0,Plasy,POINT (13.39 49.934),POINT (14.41 50.09),Praha,1277-06-06,5,True
889,1.0,Řeporyje,POINT (14.304 50.032),POINT (14.41 50.09),Praha,1277-06-06,5,True
890,1.0,Ostrov,POINT (12.949 50.308),POINT (14.41 50.09),Praha,1277-06-06,5,True
891,1.0,Jemníky,POINT (14.118 50.206),POINT (14.41 50.09),Praha,1277-06-06,5,True
892,1.0,Dolní Černošice,POINT (14.331 49.961),POINT (14.41 50.09),Praha,1277-06-06,5,True
893,1.0,Lahovice,POINT (14.395 49.989),POINT (14.41 50.09),Praha,1277-06-06,5,True
894,1.0,Nürnberg,POINT (11.075 49.452),POINT (14.41 50.09),Praha,1277-06-06,5,True
895,1.0,Nürnberg,POINT (11.075 49.452),POINT (17.121 49.771),Uničov,1277-06-21,5,True
896,1.0,Nürnberg,POINT (11.075 49.452),POINT (17.875 49.871),Hradec nad Moravicí,1277-07-04,5,True
897,1.0,Nürnberg,POINT (11.075 49.452),POINT (17.875 49.871),Hradec nad Moravicí,1277-07-04,5,True
898,1.0,Nürnberg,POINT (11.075 49.452),POINT (17.034 51.109),Wrocław,1277-07-29,5,False
899,1.0,Nürnberg,POINT (11.075 49.452),POINT (17.034 51.109),Wrocław,1277-07-29,5,False
900,1.0,Olomouc,POINT (17.252 49.596),POINT (17.875 49.871),Hradec nad Moravicí,1277-08-19,5,True
901,1.0,Doubravník,POINT (16.353 49.424),POINT (14.41 50.09),Praha,1277-09-28,5,True
902,1.0,Brno,POINT (16.61 49.19),POINT (14.41 50.09),Praha,1277-09-28,5,True
903,1.0,Řečkovice,POINT (16.579 49.251),POINT (14.41 50.09),Praha,1277-09-28,5,True
904,1.0,Jundrov,POINT (16.545 49.208),POINT (14.41 50.09),Praha,1277-09-28,5,True
905,1.0,Praha,POINT (14.41 50.09),POINT (14.41 50.09),Praha,1277-09-28,5,True
906,1.0,Vyšehrad,POINT (14.418 50.065),POINT (14.132 50.533),Litoměřice,1277-10-22,5,True
907,1.0,Litoměřice,POINT (14.132 50.533),POINT (14.132 50.533),Litoměřice,1277-10-22,5,True
908,1.0,Uherský Brod,POINT (17.647 49.025),POINT (17.252 49.596),Olomouc,1278-01-16,5,True
909,1.0,Kłodzko,POINT (16.661 50.435),POINT (16.61 49.19),Brno,1278-01-26,5,True
910,1.0,Frýdlant,POINT (15.08 50.921),POINT (14.41 50.09),Praha,1278-05-04,5,True
911,1.0,Frýdlant,POINT (15.08 50.921),POINT (14.41 50.09),Praha,1278-05-04,5,True
912,1.0,Trhové Sviny,POINT (14.639 48.842),POINT (14.41 50.09),Praha,1278-05-04,5,True
913,1.0,Most,POINT (13.636 50.503),POINT (14.41 50.09),Praha,1278-05-04,5,True
914,1.0,Sedlec,POINT (15.288 49.961),POINT (14.41 50.09),Praha,1278-07-11,5,True
915,2.0,ein Wald Bor zwischen Kolín und Čáslav,POINT (15.31 49.996),POINT (14.41 50.09),Praha,1278-07-11,5,True
