,no,sicherheit,datum_text,tag_post,monat_post,jahr_post,tag_ante,monat_ante,jahr_ante,lokalitat_name,lokalitat_agglomeration,lokalitat_politik,bi1_lokalitatname,bi2_lokalitatname,bi3_lokalitatname,bi4_lokalitatname,bi5_lokalitatname,gg1_lokalitatname,gg2_lokalitatname,gg3_lokalitatname,gg4_lokalitatname,gg5_lokalitatname,aussteller
0,1.0,3.0,(Erste Hälfte Novembers) 1251,1.0,11.0,1251.0,15.0,11.0,1251.0,Netolice,Netolice,2.0,Strakonice,,,,,Makarov,,,,,Ja
1,2.0,2.0,"(circa 16.11.1251, oder kurz vor 16. November)",11.0,11.0,1251.0,16.0,11.0,1251.0,Enns,Enns,1.0,,,,,,,,,,,-
3,4.0,2.0,(Zwischen cca 16.11.-6.12.)1251,16.0,11.0,1251.0,6.0,12.0,1251.0,Krems an der Donau,Krems an der Donau,1.0,Neunkirchen,,,,,,,,,,Ja
4,5.0,1.0,6. 12.1251,6.0,12.0,1251.0,6.0,12.0,1251.0,Korneuburg,Wien,1.0,Niederaltaich,,,,,Absdorf,Kircheim unter Teck,,,,Ja
5,6.0,1.0,6.12.1251 (früher schlecht zu 7.12.),6.0,12.0,1251.0,6.0,12.0,1251.0,Korneuburg,Wien,1.0,Niederaltaich,,,,,Niederabsdorf,,,,,Ja
6,7.0,1.0,6. 12.1251,6.0,12.0,1251.0,6.0,12.0,1251.0,Korneuburg,Wien,1.0,Niederaltaich,,,,,,,,,,Ja
7,8.0,2.0,(6. 12) 1251,6.0,12.0,1251.0,6.0,12.0,1251.0,Korneuburg,Wien,1.0,Niederaltaich,,,,,Stein an der Donau,Ybbs an der Donau,Mauthausen,Linz,,Ja
8,9.0,2.0,6. 12.(1251),6.0,12.0,1251.0,6.0,12.0,1251.0,Korneuburg,Wien,1.0,Niederaltaich,,,,,,,,,,Ja
9,10.0,2.0,"(6.-11. 12) 1251 wahscheinlicher ist aber die Datierung 6-9.12.1251,",6.0,12.0,1251.0,11.0,12.0,1251.0,Korneuburg,Wien,1.0,Lambach,,,,,,,,,,Ja
12,12.0,1.0,12.12.1251 +,12.0,12.0,1251.0,12.0,12.0,1251.0,Wien,Wien,1.0,Příbor,Velehrad,,,,,,,,,Ja
13,13.0,1.0,21.12.1251,21.0,12.0,1251.0,21.0,12.0,1251.0,Wien,Wien,1.0,Heiligenkreuz,,,,,,,,,,Ja
14,14.0,2.0,"27.XII. (1251, nicht ausgeschlossen ist auch das Jahr 1252)",27.0,12.0,1251.0,27.0,12.0,1251.0,Wien,Wien,1.0,Salzburg,,,,,,,,,,Ja
15,15.0,2.0,29.12.(1251),29.0,12.0,1251.0,29.0,12.0,1251.0,Wien,Wien,1.0,Mondsee,Ybbs an der Donau,Stein an der Donau,,,,,,,,Ja
17,17.0,3.0,(Um 12.-31. XII) 1251,7.0,12.0,1251.0,5.0,1.0,1251.0,Wien,Wien,1.0,Wiener Neustadt,,,,,,,,,,Ja
18,18.0,3.0,(Um 12.-31. XII) 1251,7.0,12.0,1251.0,5.0,1.0,1251.0,Wien,Wien,1.0,Wiener Neustadt,Wiener Neustadt,Passau,Freising,Salzburg,,,,,,M
21,21.0,1.0,3.1.1252,3.0,1.0,1252.0,3.0,1.0,1252.0,Wien,Wien,1.0,Ebersberg,,,,,,,,,,Ja
22,22.0,1.0,11.2.1252,11.0,2.0,1252.0,11.0,2.0,1252.0,Hainburg,Hainburg,1.0,,,,,,,,,,,-
23,23.0,1.0,16.02. 1252,16.0,2.0,1252.0,16.0,2.0,1252.0,Hainburg,Hainburg,1.0,Waldhausen im Strudengau,Machland,Laa an der Thaya,,,,,,,,Ja
24,24.0,1.0,16.02.1252,16.0,2.0,1252.0,16.0,2.0,1252.0,Hainburg,Hainburg,1.0,Waldhausen im Strudengau,,,,,,,,,,Ja
25,25.0,1.0,5.3.1252,5.0,3.0,1252.0,5.0,3.0,1252.0,Hainburg,Hainburg,1.0,Regensburg,,,,,Tulln,Michelhausen,Possendorf,Michelndorf,"
",Ja
26,26.0,1.0,15.3.1252,15.0,3.0,1252.0,15.0,3.0,1252.0,Wiener Neustadt,Wiener Neustadt,1.0,Wiener Neustadt,,,,,,,,,,Ja
27,27.0,1.0,19.3.1252,19.0,3.0,1252.0,19.0,3.0,1252.0,Krems an der Donau,Krems an der Donau,1.0,Tegernsee,,,,,,,,,,Ja
28,28.0,1.0,19.3.1252,19.0,3.0,1252.0,19.0,3.0,1252.0,Krems an der Donau,Krems an der Donau,1.0,Metten,,,,,Linz,Enns,Mauthausen,,,Ja
29,29.0,1.0,19.3.1252,19.0,3.0,1252.0,19.0,3.0,1252.0,Krems an der Donau,Krems an der Donau,1.0,Metten,,,,,,,,,,Ja
30,30.0,1.0,19.3.1252,19.0,3.0,1252.0,19.0,3.0,1252.0,Krems an der Donau,Krems an der Donau,1.0,Metten,Dürnstein,,,,Eisenreichdornach,,,,,Ja
32,32.0,1.0,21.3.1252,21.0,3.0,1252.0,21.0,3.0,1252.0,Krems an der Donau,Krems an der Donau,1.0,Tegernsee,,,,,,,,,,Ja
34,34.0,3.0,(wohl 22.3.-5.6.)1252,22.0,3.0,1252.0,5.0,6.0,1252.0,Brno,Brno,2.0,Žďár nad Sázavou,,,,,,,,,,Ja
35,35.0,3.0,(wohl 22.3.-5.6.)1252+,22.0,3.0,1252.0,5.0,6.0,1252.0,Brno,Brno,2.0,Brno,,,,,,,,,,Ja
38,37.0,2.0,6.6.1252+,6.0,6.0,1252.0,6.0,6.0,1252.0,Znojmo,Znojmo,2.0,Znojmo,Praha,,,,,,,,,Ja
41,38.0,1.0,30.8.1252,30.0,8.0,1252.0,30.0,8.0,1252.0,Linz,Linz,1.0,Steyr,,,,,Steyr,Losenstein,,,,Ja
43,39.0,3.0,(Septemberg - 28.11.) 1252,1.0,9.0,1252.0,28.0,11.0,1252.0,Graz,Graz,2.0,Rein,,,,,Graz,Wiener Neustadt,,,,Ja
45,40.0,1.0,28.11.1252,28.0,11.0,1252.0,28.0,11.0,1252.0,Linz,Linz,1.0,Wilhering,,,,,,,,,,Ja
46,41.0,1.0,28.11.1252,28.0,11.0,1252.0,28.0,11.0,1252.0,Linz,Linz,1.0,Wilhering,,,,,,,,,,Ja
47,42.0,1.0,28.11.1252,28.0,11.0,1252.0,28.0,11.0,1252.0,Linz,Linz,1.0,Wilhering,,,,,Gramastetten,,,,,Ja
48,43.0,2.0,(28.11.) 1252,28.0,11.0,1252.0,28.0,11.0,1252.0,Linz,Linz,1.0,Wilhering,,,,,,,,,,Ja
51,46.0,2.0,29.11. (1252),29.0,11.0,1252.0,29.0,11.0,1252.0,Linz,Linz,1.0,Seitenstetten,,,,,Altenhofen,,,,,Ja
53,48.0,1.0,9.12.1252,9.0,12.0,1252.0,9.0,12.0,1252.0,Krems an der Donau,Krems an der Donau,1.0,Osterhofen,,,,,,,,,,Ja
54,49.0,1.0,20. 1. 1253,20.0,1.0,1253.0,20.0,1.0,1253.0,Wien,Wien,1.0,Freising,,,,,Groß-Enzersdorf,,,,,Ja
55,50.0,1.0,18.2.1253,18.0,2.0,1253.0,18.0,2.0,1253.0,Wien,Wien,1.0,Wien,,,,,,,,,,Ja
58,51.0,1.0,1.4.1253,1.0,4.0,1253.0,1.0,4.0,1253.0,Praha,Praha,2.0,Passau,,,,,Linz,Eferding,Wels,,,Ja
60,53.0,1.0,6.4.1253,6.0,4.0,1253.0,6.0,4.0,1253.0,Praha,Praha,2.0,Praha,,,,,,,,,,Ja
63,54.0,1.0,29.4.1253,29.0,4.0,1253.0,29.0,4.0,1253.0,Wiener Neustadt,Wiener Neustadt,1.0,Wiener Neustadt,,,,,,,,,,Ja
64,55.0,1.0,17.5.1253,17.0,5.0,1253.0,17.0,5.0,1253.0,Leoben,Leoben,2.0,Wiener Neustadt,,,,,Leibnitz,Sankt Georgen an der Stiefing,,,,Ja
65,56.0,1.0,5.6.1253,5.0,6.0,1253.0,5.0,6.0,1253.0,Krems an der Donau,Krems an der Donau,1.0,Hohenberg,,,,,Krumau an der Kamp,Altpölla,Winkl,,,Ja
71,58.0,1.0,13.7.1253,13.0,7.0,1253.0,13.0,7.0,1253.0,Brno,Brno,2.0,Geras,,,,,Kostelní Myslová,,,,,Ja
72,59.0,1.0,5.8.1253,5.0,8.0,1253.0,5.0,8.0,1253.0,Olomouc,Olomouc,2.0,Olomouc,,,,,Olomouc,,,,,Ja
75,62.0,3.0,6.9.1253++,6.0,9.0,1253.0,6.0,9.0,1253.0,Praha,Praha,2.0,Břevnov,Police nad Metují,,,,,,,,,Ja
76,63.0,1.0,17.9.12(5)3,17.0,9.0,1253.0,17.0,9.0,1253.0,Krems an der Donau,Krems an der Donau,1.0,,,,,,,,,,,Ja
77,64.0,1.0,20.9.1253,20.0,9.0,1253.0,20.0,9.0,1253.0,Kleinweikersdorf,Kleinweikersdorf,1.0,Zwettl,Horn,,,,,,,,,Ja
83,67.0,1.0,27.9.1253,27.0,9.0,1253.0,27.0,9.0,1253.0,Wien,Wien,1.0,Aldersbach,,,,,,,,,,Ja
84,68.0,1.0,17.10.1253,17.0,10.0,1253.0,17.0,10.0,1253.0,Praha,Praha,1.0,,,,,,,,,,,-
85,69.0,1.0,8.11.1253,8.0,11.0,1253.0,8.0,11.0,1253.0,Praha,Praha,1.0,,,,,,,,,,,Ja
86,70.0,1.0,14.11.1253,14.0,11.0,1253.0,14.0,11.0,1253.0,Praha,Praha,1.0,Vilémov,,,,,,,,,,Ja
87,71.0,1.0,20.11.1253,20.0,11.0,1253.0,20.0,11.0,1253.0,Praha,Praha,1.0,Praha,,,,,,,,,,Ja
88,72.0,1.0,20.11.1253,20.0,11.0,1253.0,20.0,11.0,1253.0,Praha,Praha,1.0,Vyšehrad,,,,,,,,,,Ja
89,73.0,1.0,20.11.1253,20.0,11.0,1253.0,20.0,11.0,1253.0,Praha,Praha,1.0,Břevnov,,,,,,,,,,Ja
90,74.0,1.0,20.11.1253,20.0,11.0,1253.0,20.0,11.0,1253.0,Praha,Praha,1.0,Strahov,,,,,,,,,,Ja
91,75.0,1.0,20.11.1253,20.0,11.0,1253.0,20.0,11.0,1253.0,Praha,Praha,1.0,Opatovice nad Labem,,,,,,,,,,Ja
92,76.0,2.0,Zwischen 2.-7.12.1253,2.0,12.0,1253.0,7.0,12.0,1253.0,Jablonné v Podještědí,Jablonné v Podještědí,1.0,Litoměřice,,,,,Hrušovany,Vrutice,Svařenice,Polepy,,Ja
93,77.0,1.0,17.12.1253,17.0,12.0,1253.0,17.0,12.0,1253.0,Praha,Praha,1.0,Halbenrein,,,,,Halbenrein,,,,,Ja
94,78.0,1.0,26.12.1253,26.0,12.0,1253.0,26.0,12.0,1253.0,Kladruby,Kladruby,1.0,Stříbro,,,,,Bítov bei Stříbro,,,,,Ja
95,79.0,1.0,26.12.1253,26.0,12.0,1253.0,26.0,12.0,1253.0,Kladruby,Kladruby,1.0,Chotěšov,,,,,Zbůch,Červený Újezd,,,,Ja
97,81.0,1.0,3.3.1254,3.0,3.0,1254.0,3.0,3.0,1254.0,Krems an der Donau,Krems an der Donau,1.0,Altenburg,,,,,Röhrenbach,,,,,Ja
98,82.0,1.0,4. 3. 1254,4.0,3.0,1254.0,4.0,3.0,1254.0,Krems an der Donau,Krems an der Donau,1.0,Mondsee,,,,,,,,,,Ja
99,83.0,2.0,31.3.1254,31.0,3.0,1254.0,31.0,3.0,1254.0,Wien,Wien,1.0,Freising,,,,,Dobrava pri Škocjanu,Čretež pri Krškem,Dolenje Mokro Polje,Dvorec Prežek,,Ja
101,84.0,1.0,31.3.1254,31.0,3.0,1254.0,31.0,3.0,1254.0,Wien,Wien,1.0,Dobrava pri Škocjanu,,,,,,,,,,Ja
103,86.0,1.0,15.4.1254,15.0,4.0,1254.0,15.0,4.0,1254.0,Krems an der Donau,Krems an der Donau,1.0,St. Florian,,,,,,,,,,Ja
104,87.0,3.0,Nach 15.IV.1254 -kurz vor oder genau 1.V.1254,18.0,4.0,1254.0,1.0,5.0,1254.0,Bratislava,Bratislava,1.0,,,,,,,,,,,-
106,89.0,1.0,1.5.1254,1.0,5.0,1254.0,1.0,5.0,1254.0,Wien,Wien,1.0,Seckau,,,,,Muthmannsdorf,,,,,Ja
107,90.0,2.0,kurz vor 31.5.1254,27.0,5.0,1254.0,29.0,5.0,1254.0,Znojmo,Znojmo,1.0,,,,,,,,,,,-
108,91.0,1.0,31.5.1254,31.0,5.0,1254.0,31.0,5.0,1254.0,Brno,Brno,1.0,Brno,,,,,Brno,,,,,Ja
109,92.0,1.0,9.7.1254,9.0,7.0,1254.0,9.0,7.0,1254.0,Praha,Praha,1.0,Praha,,,,,Praha,,,,,Ja
110,93.0,1.0,10.7.1254,10.0,7.0,1254.0,10.0,7.0,1254.0,Praha,Praha,1.0,Osek,,,,,,,,,,Ja
111,94.0,2.0,10.7.1254,10.0,7.0,1254.0,10.0,7.0,1254.0,Praha,Praha,1.0,Praha,,,,,,,,,,M
113,96.0,3.0,17.8.1254+,17.0,8.0,1254.0,17.0,8.0,1254.0,Olomouc,Olomouc,1.0,Olomouc,,,,,Olomouc,,,,,Ja
114,97.0,3.0,(wohl um 17.8.) 1254,12.0,8.0,1254.0,22.0,8.0,1254.0,Olomouc,Olomouc,1.0,Olomouc,,,,,Moravská Loděnice,,,,,Ja
117,98.0,1.0,23.10.1254 (actum),23.0,10.0,1254.0,23.0,10.0,1254.0,Sadská,Sadská,1.0,Böhmen,,,,,,,,,,Ja
118,99.0,1.0,17.11.1254 (actum),17.0,11.0,1254.0,17.0,11.0,1254.0,Krems an der Donau,Krems an der Donau,1.0,Garsten,,,,,,,,,,Ja
121,102.0,1.0,25.12.1254,25.0,12.0,1254.0,25.0,12.0,1254.0,Wrocław,Wrocław,2.0,,,,,,,,,,,-
125,104.0,3.0,"(Um 17.1.1255, nicht ausgeschlossen nach 25.12.1254 und vor 17.1. 1255.)",28.0,12.0,1254.0,17.0,1.0,1255.0,Elbląg,Elbląg,2.0,,,,,,,,,,,-
126,105.0,1.0,17.1.1255,17.0,1.0,1255.0,17.0,1.0,1255.0,Elbląg,Elbląg,2.0,Böhmen,,,,,,,,,,Ja
127,106.0,3.0,"(Kurz nach 17.1. und vor 5.12.1255, nicht ausgeschlossen nach 25.12.1254 und vor 17.1.1255.)",17.0,1.0,1254.0,2.0,2.0,1255.0,Balga,Balga,2.0,,,,,,,,,,,-
128,107.0,3.0,"(Kurz nach 17.1. und vor 5.12.1255, nicht ausgeschlossen nach 25.12.1254 und vor 17.1.1255.)",19.0,1.0,1254.0,2.0,2.0,1255.0,Logvino,Logvino,2.0,,,,,,,,,,,-
129,108.0,3.0,"(Kurz nach 17.1. und vor 5.12.1255, nicht ausgeschlossen nach 25.12.1254 und vor 17.1.1255.)",21.0,1.0,1254.0,2.0,2.0,1255.0,Mel'nikovo,Mel'nikovo,2.0,,,,,,,,,,,-
130,109.0,3.0,"(Kurz nach 17.1. und vor 5.12.1255, nicht ausgeschlossen nach 25.12.1254 und vor 17.1.1255.)",23.0,1.0,1254.0,2.0,2.0,1255.0,Sewernaja Gora,Sewernaja Gora,2.0,,,,,,,,,,,-
131,110.0,3.0,"(Nach 17.1. und vor 5.12.1255, nicht ausgeschlossen nach 25.12.1254 und vor 17.1.1255.)",25.0,1.0,1254.0,2.0,2.0,1255.0,Nisowje,Nisowje,2.0,,,,,,,,,,,-
132,111.0,3.0,"(Nach 17.1. und vor 5.12.1255, nicht ausgeschlossen nach 25.12.1254 und vor 17.1.1255.)",27.0,1.0,1254.0,2.0,2.0,1255.0,Gwardeisk,Gwardeisk,2.0,,,,,,,,,,,-
133,112.0,3.0,"(Nach 17.1. und vor 5.12.1255, nicht ausgeschlossen nach 25.12.1254 und vor 17.1.1255.)",29.0,1.0,1254.0,2.0,2.0,1255.0,Kaliningrad,Kaliningrad,2.0,,,,,,,,,,,-
137,115.0,1.0,6.2.1255,6.0,2.0,1255.0,6.0,2.0,1255.0,Opava,Opava,1.0,,,,,,,,,,,-
138,116.0,1.0,18.2.1255,18.0,2.0,1255.0,18.0,2.0,1255.0,Brno,Brno,1.0,Olomouc,,,,,Olomouc,,,,,Ja
142,119.0,1.0,8.3.1255,8.0,3.0,1255.0,8.0,3.0,1255.0,Krems an der Donau,Krems an der Donau,1.0,Böhmen,Mähren,Oberösterreich,Niederösterreich,,,,,,,Ja
143,120.0,1.0,18.3.1255,18.0,3.0,1255.0,18.0,3.0,1255.0,Krems an der Donau,Krems an der Donau,1.0,Passau,,,,,,,,,,Ja
145,122.0,1.0,23.3.1255,23.0,3.0,1255.0,23.0,3.0,1255.0,Seitenstetten,Seitenstetten,1.0,Mailberg,,,,,,,,,,Ja
146,123.0,1.0,24.3.1255,24.0,3.0,1255.0,24.0,3.0,1255.0,Steyr,Steyr,2.0,Spital am Pyhrn,,,,,,,,,,Ja
148,125.0,1.0,30.3.1255,30.0,3.0,1255.0,30.0,3.0,1255.0,Linz,Linz,1.0,Berchtesgaden,,,,,,,,,,Ja
149,126.0,2.0,"(Um 30. 3.)1255, (genauer zwischen 24.3-4.4.1255)",24.0,3.0,1255.0,4.0,4.0,1255.0,Linz,Linz,1.0,Garsten,,,,,Molln,Ternberg,,,,Ja
151,128.0,1.0,8.4.1255,8.0,4.0,1255.0,8.0,4.0,1255.0,Praha,Praha,1.0,,,,,,,,,,,-
152,129.0,2.0,10.5.1255+,10.0,5.0,1255.0,10.0,5.0,1255.0,Praha,Praha,1.0,Břevnov,,,,,,,,,,Ja
154,131.0,3.0,"(Nach 10. V., bzw. um 7.VI., sicher vor 17. VI.) 1255",13.0,5.0,1255.0,14.0,6.0,1255.0,Křivoklát,Křivoklát,1.0,Vyšehrad,,,,,,,,,,Ja
155,132.0,3.0,17.6.(1255),17.0,6.0,1255.0,17.0,6.0,1255.0,Jaroměřice nad Rokytkou,Jaroměřice nad Rokytkou,2.0,Salzburg,,,,,,,,,,Ja
156,133.0,1.0,26.6.1255,26.0,6.0,1255.0,26.0,6.0,1255.0,Wien,Wien,1.0,Raitenhaslach,,,,,,,,,,Ja
158,134.0,1.0,19.7.1255 (Version I),19.0,7.0,1255.0,19.0,7.0,1255.0,Praha,Praha,1.0,Kraków,,,,,,,,,,Ja
160,136.0,1.0,4.10.1255 (Version II),4.0,10.0,1255.0,4.0,10.0,1255.0,Praha,Praha,1.0,Kraków,,,,,,,,,,Ja
162,138.0,1.0,12.12.1255,12.0,12.0,1255.0,12.0,12.0,1255.0,Krems an der Donau,Krems an der Donau,1.0,Kremsmünster,,,,,Martinsberg,,,,,Ja
163,139.0,2.0,(um 12.12.)1255,7.0,12.0,1255.0,17.0,12.0,1255.0,Krems an der Donau,Krems an der Donau,1.0,Kremsmünster,,,,,,,,,,Ja
164,140.0,3.0,(wohl nach12.12.1255-25.12/31.12.) 1255,15.0,12.0,1255.0,31.0,12.0,1255.0,Brno,Brno,1.0,Olomouc,,,,,Hrdibořice,Kralice,,,,Ja
167,143.0,1.0,1.1.1256,1.0,1.0,1256.0,1.0,1.0,1256.0,Brno,Brno,1.0,Žďár nad Sázavou,,,,,,,,,,Ja
169,144.0,2.0,(25.12.1255/1.1.1256-15.1.)1256,25.0,12.0,1255.0,15.0,1.0,1256.0,Brno,Brno,1.0,Velehrad,,,,,Zlatníky,,,,,Ja
170,145.0,1.0,16.1.1256,16.0,1.0,1256.0,16.0,1.0,1256.0,Olomouc,Olomouc,1.0,Velehrad,,,,,,,,,,Ja
171,146.0,3.0,28.1.1256++,28.0,1.0,1256.0,28.0,1.0,1256.0,Olomouc,Olomouc,1.0,Přerov,,,,,,,,,,Ja
173,148.0,1.0,15.3.1256,15.0,3.0,1256.0,15.0,3.0,1256.0,Praha,Praha,1.0,Mähren,,,,,,,,,,Ja
175,150.0,1.0,27.3.1256,27.0,3.0,1256.0,27.0,3.0,1256.0,Sadská,Sadská,1.0,St. Florian,,,,,,,,,,Ja
176,151.0,2.0,12. oder 19.4.1256+,12.0,4.0,1256.0,19.0,4.0,1256.0,Praha,Praha,1.0,Břevnov,,,,,Podmokly,Ruzyně,,,,Ja
177,152.0,1.0,9.6.1256,9.0,6.0,1256.0,9.0,6.0,1256.0,Wien,Wien,1.0,Freising,,,,,Wien,,,,,Ja
178,153.0,1.0,16.7.1256,16.0,7.0,1256.0,16.0,7.0,1256.0,Opava,Opava,1.0,Olomouc,,,,,,,,,,Ja
179,154.0,1.0,18.7.1256,18.0,7.0,1256.0,18.0,7.0,1256.0,Opava,Opava,1.0,Grobniki,Böhmen,Mähren,,,Grobniki,,,,,Ja
180,155.0,2.0,(wahrscheinlich 1.8. aber in der Urk. ist)19.7.1256,19.0,7.0,1256.0,1.0,8.0,1256.0,Wien,Wien,1.0,,,,,,Ernstbrunn,Wien,,,,Ja
182,156.0,3.0,Nach wohl 1.8.-vor. 9.8.1256,4.0,8.0,1256.0,6.0,8.0,1256.0,Praha,Praha,1.0,,,,,,,,,,,-
185,157.0,1.0,14.11.1256,14.0,11.0,1256.0,14.0,11.0,1256.0,Krems an der Donau,Krems an der Donau,1.0,Salzburg,,,,,,,,,,Ja
186,158.0,1.0,30.11.1256,30.0,11.0,1256.0,30.0,11.0,1256.0,Wien,Wien,1.0,Ardagger,,,,,Ardagger,,,,,Ja
188,160.0,1.0,10.12.1256,10.0,12.0,1256.0,10.0,12.0,1256.0,Wien,Wien,1.0,Melk,,,,,,,,,,Ja
191,163.0,1.0,18. 12.1256,18.0,12.0,1256.0,18.0,12.0,1256.0,Wien,Wien,1.0,Heiligenkreuz,,,,,Hainburg,,,,,Ja
193,165.0,1.0,28.12.1256,28.0,12.0,1256.0,28.0,12.0,1256.0,Praha,Praha,1.0,Praha,,,,,,,,,,Ja
200,171.0,1.0,7.1.1257,7.0,1.0,1257.0,7.0,1.0,1257.0,Praha,Praha,1.0,Praha,,,,,,,,,,Ja
201,172.0,1.0,12.1.1257,12.0,1.0,1257.0,12.0,1.0,1257.0,Praha,Praha,1.0,Praha,,,,,Plchov,,,,,Ja
203,174.0,1.0,13.2.1257,13.0,2.0,1257.0,13.0,2.0,1257.0,Praha,Praha,1.0,Praha,,,,,Zlíchov,Prag,,,,Ja
205,176.0,1.0,23.4.1257,23.0,4.0,1257.0,23.0,4.0,1257.0,Linz,Linz,1.0,Passau,,,,,,,,,,Ja
207,178.0,1.0,9.5.1257,9.0,5.0,1257.0,9.0,5.0,1257.0,Wiener Neustadt,Wiener Neustadt,1.0,Lilienfeld,,,,,Stratzing,,,,,Ja
208,179.0,1.0,9.5.1257,9.0,5.0,1257.0,9.0,5.0,1257.0,Wiener Neustadt,Wiener Neustadt,1.0,,,,,,,,,,,-
210,181.0,1.0,19.7.1257,19.0,7.0,1257.0,19.0,7.0,1257.0,Lilienfeld,Lilienfeld,1.0,Lilienfeld,,,,,,,,,,Ja
211,182.0,3.0,in der Hälfte August 1257,10.0,8.0,1257.0,20.0,8.0,1257.0,Passau,Passau,2.0,,,,,,,,,,,-
212,183.0,3.0,in der Hälfte August 1257,15.0,8.0,1257.0,20.0,8.0,1257.0,Vilstal,Vilstal,2.0,,,,,,,,,,,-
214,185.0,1.0,25.8.1257,25.0,8.0,1257.0,25.0,8.0,1257.0,Mühldorf,Mühldorf,2.0,,,,,,,,,,,-
215,186.0,2.0,Nach 25.8.1257,28.0,8.0,1257.0,1.0,9.0,1257.0,Tittmoning,Tittmoning,2.0,,,,,,,,,,,-
216,187.0,2.0,Nach 25. 8.1257 später,31.0,8.0,1257.0,4.0,9.0,1257.0,Laufen,Laufen,2.0,,,,,,,,,,,-
217,188.0,2.0,Nach 25.8.1257 noch später,3.0,9.0,1257.0,7.0,9.0,1257.0,Vöcklabruck,Vöcklabruck,2.0,,,,,,,,,,,-
219,190.0,1.0,15.10.1257,15.0,10.0,1257.0,15.0,10.0,1257.0,Plasy,Plasy,1.0,Velehrad,Uherské Hradiště,,,,,,,,,Ja
220,191.0,1.0,24.10.1257,24.0,10.0,1257.0,24.0,10.0,1257.0,Plasy,Plasy,1.0,Plasy,,,,,Plzeň,Stříbro,Rakovník,,,Ja
227,197.0,3.0,(Janur) 1258,1.0,1.0,1258.0,31.0,1.0,1258.0,Praha,Praha,1.0,Praha,,,,,Praha,,,,,Ja
228,198.0,2.0,Vor 1.2.1258,25.0,1.0,1258.0,28.0,2.0,1258.0,Praha,Praha,1.0,,,,,,,,,,,-
229,199.0,1.0,1.2.1258,1.0,2.0,1258.0,1.0,2.0,1258.0,Wien,Wien,1.0,St. Florian,,,,,,,,,,Ja
231,200.0,2.0,(Kurz vor 12.2.1258 oder genau am 12.2.1258),8.0,2.0,1258.0,12.0,2.0,1258.0,Wien,Wien,1.0,Altenburg (bei Wilhelmsburg),Hohenberg,Lilienfeld,,,Türnitz,Stranzendorf,,,,Ja
232,201.0,1.0,12.2.1258,12.0,2.0,1258.0,12.0,2.0,1258.0,Wien,Wien,1.0,,,,,,,,,,,-
233,202.0,1.0,13.2.1258,13.0,2.0,1258.0,13.0,2.0,1258.0,Wien,Wien,1.0,,,,,,,,,,,-
235,204.0,2.0,25.3.1258+,25.0,3.0,1258.0,25.0,3.0,1258.0,Písek,Písek,1.0,Břevnov,,,,,Sebranice,Sobotovice,,,,Ja
237,205.0,3.0,"15.5. (1255 oder 1256, aber am wahrscheinlichsten 1258)",15.0,5.0,1258.0,15.0,5.0,1258.0,Zvíkov,Zvíkov,1.0,Brno,Brno,,,,,,,,,Ja
238,206.0,1.0,23.5.1258,23.0,5.0,1258.0,23.0,5.0,1258.0,Uherské Hradiště,Uherské Hradiště,1.0,Velehrad,,,,,Uherské Hradiště,,,,,Ja
239,207.0,1.0,23.5.1258,23.0,5.0,1258.0,23.0,5.0,1258.0,Uherské Hradiště,Uherské Hradiště,1.0,Uherské Hradiště,,,,,,,,,,Ja
240,208.0,3.0,22.7. (1258),22.0,7.0,1258.0,22.0,7.0,1258.0,Wien,Wien,1.0,Salzburg,,,,,,,,,,Ja
241,209.0,2.0,6.8.1258++ falsch ist nur teil der Urk.,6.0,8.0,1258.0,6.0,8.0,1258.0,Křivoklát,Křivoklát,1.0,Jevíčko,,,,,,,,,,Ja
242,210.0,3.0,August (nach 6.8) 1258,6.0,8.0,1258.0,31.0,8.0,1258.0,Loket,Loket,1.0,,,,,,,,,,,-
244,212.0,3.0,(Kurz nach 1.10. ) 1258,3.0,10.0,1258.0,5.0,10.0,1258.0,Dobříš,Dobříš,1.0,Vyšehrad,,,,,,,,,,Ja
246,213.0,3.0,Oktober (um 12.X.) 1258,12.0,10.0,1258.0,12.0,10.0,1258.0,Wels,Wels,1.0,Kremsmünster,,,,,Viechtwang,,,,,Ja
247,214.0,3.0,Oktober (um 12.X.) 1258,12.0,10.0,1258.0,12.0,10.0,1258.0,Wels,Wels,1.0,Kremsmünster,,,,,,,,,,Ja
248,215.0,3.0,Oktober (um 12.X.) 1258,12.0,10.0,1258.0,12.0,10.0,1258.0,Wels,Wels,1.0,Kremsmünster,,,,,,,,,,Ja
249,216.0,1.0,17.10.1258,17.0,10.0,1258.0,17.0,10.0,1258.0,Brno,Brno,1.0,Tišnov,,,,,Brno,,,,,Ja
250,217.0,1.0,17.10.1258,17.0,10.0,1258.0,17.0,10.0,1258.0,Brno,Brno,1.0,Tišnov,,,,,Brno,,,,,Ja
253,219.0,3.0,"28.III. (am wahrscheinlichsten 1259, nicht ganz ausgeschlossen 1257)",28.0,3.0,1259.0,28.0,3.0,1259.0,Krems an der Donau,Krems an der Donau,1.0,Zwettl,,,,,,,,,,Ja
254,220.0,3.0,13. 4. (1257 oder wahrscheinlicher 1259),13.0,4.0,1259.0,13.0,4.0,1259.0,Wien,Wien,1.0,Klosterneuburg,,,,,,,,,,Ja
256,222.0,1.0,18.4.1259,18.0,4.0,1259.0,18.0,4.0,1259.0,Wien,Wien,1.0,St. Pölten,,,,,,,,,,Ja
257,223.0,2.0,Vor 6.5.1259,1.0,5.0,1259.0,3.0,5.0,1259.0,Enns,Enns,1.0,,,,,,,,,,,-
258,224.0,1.0,6.5.1259,30.0,4.0,1259.0,6.0,5.0,1259.0,Wels,Wels,1.0,Erla,,,,,,,,,,Ja
259,225.0,1.0,10.5.1259,10.0,5.0,1259.0,10.0,5.0,1259.0,Wels,Wels,1.0,Seitenstetten,,,,,,,,,,Ja
260,226.0,1.0,Vor 27.7.1259,21.0,7.0,1259.0,24.0,7.0,1259.0,Hradec Králové,Hradec Králové,1.0,,,,,,,,,,,-
261,227.0,1.0,27.7.1259,27.0,7.0,1259.0,27.0,7.0,1259.0,Praha,Praha,1.0,Litomyšl,Litomyšl,,,,,,,,,Ja
262,228.0,3.0,27.7.1259++,27.0,7.0,1259.0,27.0,7.0,1259.0,Praha,Praha,1.0,Litomyšl,Litomyšl,,,,,,,,,Ja
265,231.0,1.0,16.10.1259,16.0,10.0,1259.0,16.0,10.0,1259.0,Wien,Wien,1.0,Passau,Niederösterreich,Oberösterreich,,,,,,,,Ja
266,232.0,3.0,16.10. (1259),16.0,10.0,1259.0,16.0,10.0,1259.0,Wien,Wien,1.0,Wien,,,,,,,,,,Ja
267,233.0,1.0,17.11.1259,17.0,11.0,1259.0,17.0,11.0,1259.0,Krems an der Donau,Krems an der Donau,1.0,Emmersdorf an der Donau,,,,,,,,,,Ja
268,234.0,1.0,17.11.1259,17.0,11.0,1259.0,17.0,11.0,1259.0,Krems an der Donau,Krems an der Donau,1.0,Tegernsee,,,,,,,,,,Ja
271,237.0,3.0,(am wahrscheinlichsten vor oder ganau 17.XI.) 1259,11.0,11.0,1259.0,17.0,11.0,1259.0,Krems an der Donau,Krems an der Donau,1.0,Zwettl,Großotten,,,,,,,,,Ja
272,238.0,1.0,(wahrscheinlicher ist aber 18. 11) 17.11.1259,18.0,11.0,1259.0,18.0,11.0,1259.0,Znojmo,Znojmo,1.0,Grobniki,Głubczyce,,,,,,,,,Ja
273,239.0,1.0,2.12.1259,2.0,12.0,1259.0,2.0,12.0,1259.0,Zwettl,Zwettl,1.0,Zwettl,,,,,,,,,,Ja
276,242.0,3.0,Winter 1259/1260 (vor 30.1.1260),22.0,12.0,1259.0,30.0,1.0,1260.0,Wien,Wien,1.0,Steiermark,,,,,,,,,,M
277,243.0,3.0,23.1. am wahrscheinlichsten 1260 (ganz auschliessen ist auch nicht das Jahr 1259,23.0,1.0,1260.0,23.0,1.0,1260.0,Gaming,Gaming,1.0,Passau,Niederösterreich,Oberösterreich,,,,,,,,Ja
278,244.0,1.0,30.1.1260,30.0,1.0,1260.0,30.0,1.0,1260.0,Wien,Wien,1.0,Hardegg,,,,,Raabs an der Thaya,Retz,Leitzersdorf,Oberweiden,Obermarkesdorf,Ja
279,245.0,3.0,9.2.1260+,9.0,2.0,1260.0,9.0,2.0,1260.0,Wien,Wien,1.0,Wien,,,,,,,,,,Ja
280,246.0,1.0,13.2.1260,13.0,2.0,1260.0,13.0,2.0,1260.0,Sitzenberg,Sitzenberg,1.0,Wien,,,,,Leobendorf,,,,,Ja
281,247.0,2.0,(Nach 14.2.-um 4.3. 10.3.) 1260,17.0,2.0,1260.0,4.0,3.0,1260.0,Křivoklát,Křivoklát,1.0,Waldsassen,,,,,Žatec,,,,,Ja
286,251.0,1.0,10/3/1260,10.0,3.0,1260.0,10.0,3.0,1260.0,Wien,Wien,1.0,Rein,,,,,,,,,,Ja
288,253.0,1.0,4.4.1260,4.0,4.0,1260.0,4.0,4.0,1260.0,Písek,Písek,1.0,Opava,,,,,Opava,,,,,Ja
289,254.0,1.0,26.4.1260,26.0,4.0,1260.0,26.0,4.0,1260.0,Praha,Praha,1.0,Břevnov,,,,,Praha,,,,,Ja
290,255.0,1.0,26.4.1260,26.0,4.0,1260.0,26.0,4.0,1260.0,Praha,Praha,1.0,Olomouc,,,,,Praha,Nenakovice,Rudeč,,,Ja
291,256.0,1.0,24.5.1260,24.0,5.0,1260.0,24.0,5.0,1260.0,Linz,Linz,1.0,Rein,Steiermark,,,,Helfenstein,,,,,Ja
297,257.0,1.0,26.6.1260,26.0,6.0,1260.0,26.0,6.0,1260.0,Laa an der Thaya,Laa an der Thaya,1.0,,,,,,,,,,,-
298,258.0,1.0,26.6.1260,26.0,6.0,1260.0,26.0,6.0,1260.0,Staatz,Staatz,1.0,,,,,,,,,,,-
299,259.0,1.0,26.6.1260,26.0,6.0,1260.0,26.0,6.0,1260.0,Laa an der Thaya,Laa an der Thaya,1.0,,,,,,,,,,,-
300,260.0,1.0,(26.6.-4.7.)1260,26.0,6.0,1260.0,4.0,7.0,1260.0,Laa an der Thaya,Laa an der Thaya,1.0,,,,,,,,,,,-
301,261.0,1.0,4.7.1260,4.0,7.0,1260.0,4.0,7.0,1260.0,Laa an der Thaya,Laa an der Thaya,1.0,,,,,,,,,,,-
302,262.0,2.0,(Nach 4.7. - vor 11.7.) 1260,7.0,7.0,1260.0,8.0,7.0,1260.0,Laa an der Thaya,Laa an der Thaya,1.0,Rožmberk nad Vltavou,Raabs an der Thaya,,,,Raabs an der Thaya,,,,,Ja
304,263.0,1.0,11. und 12. 7.1260,11.0,7.0,1260.0,12.0,7.0,1260.0,Groißenbrunn,Groißenbrunn,1.0,,,,,,,,,,,-
305,264.0,3.0,Nach 13.7.1260 - vor 25.7.1260,16.0,7.0,1260.0,22.0,7.0,1260.0,Bratislava,Bratislava,1.0,Bratislava,Ptuj,,,,,,,,,M
306,265.0,3.0,Nach 13.7.1260 - wohl vor 25.7.1260,16.0,7.0,1260.0,22.0,7.0,1260.0,Bratislava,Bratislava,2.0,,,,,,,,,,,Ja
307,266.0,1.0,7/25/1260,25.0,7.0,1260.0,25.0,7.0,1260.0,Wien,Wien,1.0,Freising,,,,,,,,,,Ja
310,267.0,1.0,22.8.1260,22.0,8.0,1260.0,22.0,8.0,1260.0,Praha,Praha,1.0,,,,,,,,,,,-
311,268.0,3.0,10.07.1260,7.0,10.0,1260.0,7.0,10.0,1260.0,Praha,Praha,1.0,Praha,Plasy,,,,Neprobylice,,,,,Ja
312,269.0,3.0,8.10.1260,8.0,10.0,1260.0,8.0,10.0,1260.0,Praha,Praha,1.0,,,,,,,,,,,Ja
316,271.0,1.0,12/21/1260,21.0,12.0,1260.0,21.0,12.0,1260.0,Graz,Graz,1.0,Viktring,,,,,,,,,,Ja
317,272.0,1.0,12/22/1260,22.0,12.0,1260.0,22.0,12.0,1260.0,Graz,Graz,1.0,St. Lambrecht,,,,,St. Lambrecht,Dürnberg,,,,Ja
318,273.0,1.0,12/23/1260,23.0,12.0,1260.0,23.0,12.0,1260.0,Graz,Graz,1.0,Freising,,,,,,,,,,Ja
319,274.0,1.0,24.12.1260,24.0,12.0,1260.0,24.0,12.0,1260.0,Graz,Graz,1.0,Lavanttal,Pfannberg,,,,,,,,,M
320,275.0,1.0,12/25/1260,25.0,12.0,1260.0,25.0,12.0,1260.0,Graz,Graz,1.0,Gratwein,Seckau,,,,,,,,,Ja
321,276.0,1.0,12/25/1260,25.0,12.0,1260.0,25.0,12.0,1260.0,Graz,Graz,1.0,Rein,,,,,Söding,,,,,Ja
322,277.0,1.0,12/25/1260,25.0,12.0,1260.0,25.0,12.0,1260.0,Graz,Graz,1.0,Rein,,,,,Söding,,,,,Ja
323,278.0,2.0,21.-25. 12. 1260,21.0,12.0,1260.0,25.0,12.0,1260.0,Graz,Graz,1.0,St. Lambrecht,,,,,,,,,,Ja
327,282.0,1.0,01.09.1261,9.0,1.0,1261.0,9.0,1.0,1261.0,Havlíčkův Brod,Havlíčkův Brod,1.0,Havlíčkův Brod,,,,,Havlíčkův Brod,,,,,Ja
328,283.0,1.0,1/21/1261,21.0,1.0,1261.0,21.0,1.0,1261.0,Kravaře u České Lípy,Kravaře u České Lípy,1.0,Doksany,,,,,,,,,,Ja
329,284.0,1.0,1/30/1261,30.0,1.0,1261.0,30.0,1.0,1261.0,Most,Most,1.0,Most,,,,,Most,,,,,Ja
330,285.0,1.0,02.01.1261,1.0,2.0,1261.0,1.0,2.0,1261.0,Žatec,Žatec,1.0,Chomutov,Miletín,,,,,,,,,Ja
332,286.0,1.0,3/30/1261,30.0,3.0,1261.0,30.0,3.0,1261.0,Wien,Wien,1.0,Lilienfeld,,,,,Wetzleinsdorf,,,,,Ja
333,287.0,3.0,31.3.1261,31.0,3.0,1261.0,31.0,3.0,1261.0,Wien,Wien,1.0,,,,,,,,,,,-
334,288.0,1.0,04.12.1261,12.0,4.0,1261.0,12.0,4.0,1261.0,Wien,Wien,1.0,Tulln,,,,,,,,,,Ja
335,289.0,1.0,4/28/1261,28.0,4.0,1261.0,28.0,4.0,1261.0,Wien,Wien,1.0,Wien,,,,,Wien,,,,,Ja
336,290.0,1.0,5/23/1261,23.0,5.0,1261.0,23.0,5.0,1261.0,Písek,Písek,1.0,Olomouc,,,,,Hulín,,,,,Ja
340,291.0,3.0,21.8.1261,21.0,8.0,1261.0,21.0,8.0,1261.0,Olomouc,Olomouc,1.0,Vizovice,Střílky,,,,,,,,,M
341,292.0,1.0,8/26/1261,26.0,8.0,1261.0,26.0,8.0,1261.0,Olomouc,Olomouc,1.0,Olomouc,,,,,Vsisko,,,,,Ja
343,294.0,1.0,09.08.1261,8.0,9.0,1261.0,8.0,9.0,1261.0,Praha,Praha,1.0,Opatovice nad Labem,Přelouč,,,,,,,,,Ja
344,295.0,1.0,10.01.1261,1.0,10.0,1261.0,1.0,10.0,1261.0,Praha,Praha,1.0,Geras,,,,,Weikertschlag,,,,,Ja
345,296.0,1.0,10/13/1261,13.0,10.0,1261.0,13.0,10.0,1261.0,Jihlava,Jihlava,1.0,Olomouc,,,,,,,,,,Ja
348,297.0,1.0,25.10.1261,25.0,10.0,1261.0,25.0,10.0,1261.0,Bratislava,Bratislava,2.0,,,,,,,,,,,-
350,298.0,1.0,11.11.1261,11.0,11.0,1261.0,11.0,11.0,1261.0,Praha,Praha,1.0,Praha,,,,,Mikulovce,Vernéřov,Prunéřov,,,Ja
351,299.0,1.0,11/24/1261,24.0,11.0,1261.0,24.0,11.0,1261.0,Znojmo,Znojmo,1.0,Salzburg,,,,,,,,,,Ja
352,300.0,1.0,11/27/1261,27.0,11.0,1261.0,27.0,11.0,1261.0,Praha,Praha,1.0,Mainz,,,,,,,,,,Ja
354,301.0,1.0,12.02.1261,2.0,12.0,1261.0,2.0,12.0,1261.0,Wien,Wien,1.0,Klosterneuburg,,,,,Wien,,,,,Ja
355,302.0,1.0,12.02.1261,2.0,12.0,1261.0,2.0,12.0,1261.0,Wien,Wien,1.0,Klosterneuburg,,,,,Wien,,,,,Ja
356,303.0,2.0,12.04.1261,4.0,12.0,1261.0,4.0,12.0,1261.0,Znojmo,Znojmo,1.0,Brno,,,,,,,,,,Ja
357,304.0,3.0,13.12.1261,13.0,12.0,1261.0,13.0,12.0,1261.0,Herzogenbirbaum,Herzogenbirbaum,1.0,Regensburg,,,,,,,,,,Ja
358,305.0,1.0,16.12.1261,16.0,12.0,1261.0,16.0,12.0,1261.0,Wien,Wien,1.0,Wien,,,,,Eggendorf bei Wiener Neustadt,,,,,M
359,306.0,2.0,23.12.1261 oder Kurz vorher,18.0,12.0,1261.0,23.0,12.0,1261.0,Praha,Praha,1.0,,,,,,,,,,,-
361,308.0,1.0,25.12.1261,25.0,12.0,1261.0,25.0,12.0,1261.0,Praha,Praha,1.0,,,,,,,,,,,-
362,309.0,1.0,12/25/1261,25.0,12.0,1261.0,25.0,12.0,1261.0,Praha,Praha,1.0,Mainz,,,,,,,,,,Ja
363,310.0,1.0,12/25/1261 (in die coronationis nostre),25.0,12.0,1261.0,25.0,12.0,1261.0,Praha,Praha,1.0,Mainz,,,,,,,,,,Ja
365,312.0,1.0,1/13/1262,13.0,1.0,1262.0,13.0,1.0,1262.0,Praha,Praha,1.0,Břevnov,,,,,,,,,,Ja
366,313.0,1.0,1/13/1262,13.0,1.0,1262.0,13.0,1.0,1262.0,Praha,Praha,1.0,Praha,,,,,,,,,,Ja
367,314.0,1.0,1/13/1262,13.0,1.0,1262.0,13.0,1.0,1262.0,Praha,Praha,1.0,Strahov,,,,,,,,,,Ja
368,315.0,1.0,1/13/1262,13.0,1.0,1262.0,13.0,1.0,1262.0,Praha,Praha,1.0,Vyšehrad,,,,,,,,,,Ja
369,316.0,1.0,1/21/1262,21.0,1.0,1262.0,21.0,1.0,1262.0,Praha,Praha,1.0,Praha,,,,,Praha,,,,,Ja
370,317.0,3.0,28.1.1262,28.0,1.0,1262.0,28.0,1.0,1262.0,Praha,Praha,1.0,Opava,,,,,,,,,,Ja
371,318.0,3.0,30.1.1262+ (wahrscheinlich wurde die Urkunde einbischen später verfertigt,30.0,1.0,1262.0,30.0,1.0,1262.0,Praha,Praha,1.0,Praha,,,,,,,,,,Ja
372,319.0,1.0,02.06.1262,6.0,2.0,1262.0,6.0,2.0,1262.0,Praha,Praha,1.0,Passau,,,,,Niederhollabrunn,,,,,Ja
373,320.0,1.0,02.06.1262,6.0,2.0,1262.0,6.0,2.0,1262.0,Praha,Praha,1.0,Passau,,,,,Niederhollabrunn,,,,,Ja
374,321.0,1.0,2/16/1262,16.0,2.0,1262.0,16.0,2.0,1262.0,Praha,Praha,1.0,Přibyslavice,,,,,,,,,,Ja
375,322.0,3.0,(Vor um 16.2/wahrscheinlicher 25.12.1261-vor 29.3.1262.)1262,25.0,12.0,1261.0,26.0,3.0,1262.0,Praha,Praha,1.0,Marienthal,,,,,,,,,,Ja
377,323.0,2.0,(Kurz vor 29. 3.1262),25.0,3.0,1262.0,27.0,3.0,1262.0,Praha,Praha,1.0,,,,,,,,,,,-
378,324.0,3.0,(kurz vor 28.3.) 1262 ,24.0,3.0,1262.0,26.0,3.0,1262.0,Jihlava,Jihlava,1.0,Praha,Hněvkovice,,,,,,,,,Ja
379,325.0,3.0,3/29/1262,29.0,3.0,1262.0,29.0,3.0,1262.0,Wien,Wien,1.0,Böhmen,,,,,,,,,,Ja
380,326.0,1.0,05.01.1262,1.0,5.0,1262.0,1.0,5.0,1262.0,Wien,Wien,1.0,Mikulov,,,,,Mikulov,,,,,Ja
381,327.0,3.0,(um 1.5.)1262,25.0,4.0,1262.0,6.0,5.0,1262.0,Wien,Wien,1.0,Heiligenkreuz,,,,,Thallern,Maria Enzersdorf,,,,Ja
387,329.0,1.0,06.10.1262,10.0,6.0,1262.0,10.0,6.0,1262.0,Budyně nad Ohří,Budyně nad Ohří,1.0,Litoměřice,,,,,,,,,,Ja
388,330.0,1.0,06.10.1262,10.0,6.0,1262.0,10.0,6.0,1262.0,Budyně nad Ohří,Budyně nad Ohří,1.0,Litoměřice,,,,,Hrušovany,,,,,Ja
389,331.0,1.0,6/21/1262,21.0,6.0,1262.0,21.0,6.0,1262.0,Jihlava,Jihlava,1.0,Freising,Pillichsdorf,,,,Groß-Enzersdorf,,,,,Ja
391,332.0,1.0,7/15/1262,15.0,7.0,1262.0,15.0,7.0,1262.0,Praha,Praha,1.0,Vyšehrad,,,,,Budeč,,,,,Ja
393,334.0,1.0,7/25/1262,25.0,7.0,1262.0,25.0,7.0,1262.0,Wiener Neustadt,Wiener Neustadt,1.0,Seckau,,,,,Kumberg,Hainersdorf,,,,Ja
395,336.0,3.0,9/21/1262,21.0,9.0,1262.0,21.0,9.0,1262.0,Głubczyce,Głubczyce,1.0,Freising,,,,,Groß-Enzersdorf,,,,,Ja
400,339.0,1.0,12.01.1262,1.0,12.0,1262.0,1.0,12.0,1262.0,Linz,Linz,1.0,Kremsmünster,,,,,,,,,,Ja
401,340.0,1.0,12.01.1262,1.0,12.0,1262.0,1.0,12.0,1262.0,Linz,Linz,1.0,Mondsee,,,,,Bad Ischl,,,,,Ja
405,342.0,1.0,02.02.1263,2.0,2.0,1263.0,2.0,2.0,1263.0,Hradec Králové,Hradec Králové,1.0,Sedlec,Kouřim,Hradec Králové,,,Poboří,Podůlšany,,,,Ja
408,343.0,2.0,3/25/1263,25.0,3.0,1263.0,25.0,3.0,1263.0,Hradec Králové,Hradec Králové,1.0,Litomyšl,Litomyšl,,,,,,,,,Ja
417,348.0,1.0,07.02.1263,2.0,7.0,1263.0,2.0,7.0,1263.0,Plasy,Plasy,1.0,Plasy,,,,,,,,,,Ja
418,349.0,1.0,07.02.1263,2.0,7.0,1263.0,2.0,7.0,1263.0,Plasy,Plasy,1.0,Plasy,,,,,Stříbro,Rakovník,Plzeň,,,Ja
419,350.0,1.0,7/25/1263,25.0,7.0,1263.0,25.0,7.0,1263.0,Wiener Neustadt,Wiener Neustadt,1.0,Seckau,,,,,Arzwald,,,,,Ja
420,351.0,1.0,7/26/1263,26.0,7.0,1263.0,26.0,7.0,1263.0,Wiener Neustadt,Wiener Neustadt,1.0,Seckau,,,,,Würflach,,,,,Ja
427,354.0,1.0,13. 9. 1263,13.0,9.0,1263.0,13.0,9.0,1263.0,Písek,Písek,1.0,Grobniki,,,,,Grobniki,,,,,Ja
432,358.0,2.0,1/25/1264,25.0,1.0,1264.0,25.0,1.0,1264.0,Praha,Praha,1.0,Svibno,,,,,Südsteiermark,,,,,Ja
436,360.0,1.0,03.12.1264,12.0,3.0,1264.0,12.0,3.0,1264.0,Jihlava,Jihlava,1.0,Žďár nad Sázavou,,,,,,,,,,Ja
438,362.0,1.0,3/17/1264,17.0,3.0,1264.0,17.0,3.0,1264.0,Wien,Wien,1.0,Göttweig,,,,,Pellendorf,Hennersdorf bei Wien,,,,Ja
442,363.0,1.0,05.12.1264,12.0,5.0,1264.0,12.0,5.0,1264.0,Písek,Písek,1.0,Kvítkovice,,,,,České Budějovice,,,,,Ja
446,365.0,1.0,7/17/1264,17.0,7.0,1264.0,17.0,7.0,1264.0,Písek,Písek,1.0,Vyšší Brod,,,,,,,,,,Ja
449,366.0,1.0,28.9.1264,28.0,9.0,1264.0,28.0,9.0,1264.0,Praha,Praha,1.0,,,,,,,,,,,-
450,367.0,2.0,Kurz nach 28.9.-vor 4.10.1264,30.0,9.0,1264.0,1.0,10.0,1264.0,Čáslav,Čáslav,1.0,,,,,,,,,,,-
451,368.0,1.0,Um 5.10.1264,30.0,9.0,1264.0,10.0,10.0,1264.0,Pottendorf,Pottendorf,1.0,,,,,,,,,,,-
452,369.0,2.0,Nach 6.5.- vor 22.10.1264,9.0,10.0,1264.0,19.0,10.0,1264.0,Praha,Praha,1.0,,,,,,,,,,,-
453,370.0,1.0,10/22/1264,22.0,10.0,1264.0,22.0,10.0,1264.0,Písek,Písek,1.0,Doksy,Kravaře u České Lípy,,,,,,,,,Ja
454,371.0,1.0,11. 11.1264,11.0,11.0,1264.0,11.0,11.0,1264.0,Olomouc,Olomouc,1.0,,,,,,,,,,,-
455,372.0,2.0,11.11.1264,11.0,11.0,1264.0,15.0,11.0,1264.0,Olomouc,Olomouc,1.0,Tišnov,Lukov,,,,Lukov,,,,,Ja
457,374.0,3.0,12/14/1264,14.0,12.0,1264.0,14.0,12.0,1264.0,Brno,Brno,1.0,Ragogna,,,,,,,,,,Ja
465,381.0,1.0,01.01.1265,1.0,1.0,1265.0,1.0,1.0,1265.0,Praha,Praha,1.0,Ottensheim,,,,,,,,,,Ja
466,382.0,1.0,2.-3.2.1265,2.0,2.0,1265.0,3.0,2.0,1265.0,Praha,Praha,1.0,,,,,,,,,,,-
467,383.0,1.0,02.03.1265,3.0,2.0,1265.0,3.0,2.0,1265.0,Praha,Praha,1.0,Kroměříž,,,,,Lovešice,,,,,Ja
468,384.0,1.0,02.03.1265,3.0,2.0,1265.0,3.0,2.0,1265.0,Praha,Praha,1.0,Fulštejn,Krzanowice,,,,,,,,,Ja
472,386.0,1.0,04.04.1265,4.0,4.0,1265.0,4.0,4.0,1265.0,Wien,Wien,1.0,Freising,,,,,Neuhofen an der Ybbs,,,,,Ja
473,387.0,1.0,04.07.1265,7.0,4.0,1265.0,7.0,4.0,1265.0,Wien,Wien,1.0,Głubczyce,,,,,Opavice,,,,,Ja
474,388.0,1.0,04.11.1265,11.0,4.0,1265.0,11.0,4.0,1265.0,Wien,Wien,1.0,Lilienfeld,,,,,,,,,,Ja
475,389.0,3.0,(am wahrscheinlichsten nach 3.II. und vor 21.IV.) 1265,3.0,2.0,1265.0,21.0,4.0,1265.0,Wien,Wien,1.0,Maissau,Cvilín,Dědice,,,,,,,,M
476,390.0,1.0,4/21/1265,21.0,4.0,1265.0,21.0,4.0,1265.0,Graz,Graz,1.0,Garsten,,,,,,,,,,Ja
477,391.0,1.0,4/21/1265,21.0,4.0,1265.0,21.0,4.0,1265.0,Graz,Graz,1.0,Seckau,,,,,,,,,,Ja
478,392.0,1.0,4/23/1265,23.0,4.0,1265.0,23.0,4.0,1265.0,Graz,Graz,1.0,Freising,,,,,Sankt Peter am Kammersberg,,,,,Ja
479,393.0,1.0,4/26/1265,26.0,4.0,1265.0,26.0,4.0,1265.0,Neunkirchen,Neunkirchen,2.0,Garsten,,,,,Gaflenz,,,,,Ja
489,398.0,1.0,25.6.1265,25.0,6.0,1265.0,25.0,6.0,1265.0,Beroun,Beroun,1.0,Ostrov,,,,,Domažlice,,,,,Ja
490,399.0,1.0,07.11.1265,11.0,7.0,1265.0,11.0,7.0,1265.0,České Budějovice,České Budějovice,1.0,Melk,,,,,,,,,,Ja
492,400.0,1.0,8/25/1265,25.0,8.0,1265.0,25.0,8.0,1265.0,Praha,Praha,1.0,Praha,,,,,,,,,,Ja
500,406.0,2.0,Kurz vor 27.9.1265,23.0,9.0,1265.0,27.0,9.0,1265.0,Nižbor,Nižbor,1.0,,,,,,,,,,,-
501,407.0,1.0,9/27/1265,27.0,9.0,1265.0,27.0,9.0,1265.0,Praha,Praha,1.0,Polička,,,,,,,,,,Ja
505,408.0,1.0,11.05.1265,5.0,11.0,1265.0,5.0,11.0,1265.0,Freistadt,Freistadt,1.0,Freising,Freising,,,,,,,,,Ja
510,411.0,1.0,12/30/1265,30.0,12.0,1265.0,30.0,12.0,1265.0,Praha,Praha,1.0,Žatec,,,,,,,,,,Ja
515,414.0,1.0,1/21/1266,21.0,1.0,1266.0,21.0,1.0,1266.0,Praha,Praha,1.0,Passau,,,,,,,,,,Ja
516,415.0,1.0,1/22/1266,22.0,1.0,1266.0,22.0,1.0,1266.0,Praha,Praha,1.0,,,,,,,,,,,Ja
518,417.0,1.0,3/15/1266,15.0,3.0,1266.0,15.0,3.0,1266.0,Eggenburg,Eggenburg,1.0,Passau,,,,,Eferding,Mautern an der Donau,,,,Ja
522,419.0,1.0,05.04.1266,4.0,5.0,1266.0,4.0,5.0,1266.0,Cheb,Cheb,1.0,Cheb,,,,,,,,,,Ja
523,420.0,1.0,13.5.1266,13.0,5.0,1266.0,13.0,5.0,1266.0,Litoměřice,Litoměřice,1.0,,,,,,,,,,,-
529,422.0,3.0,7. 6. (1266),7.0,6.0,1266.0,7.0,6.0,1266.0,Stříbro,Stříbro,1.0,Böhmisch Bruck,,,,,,,,,,Ja
532,424.0,1.0,7/24/1266,24.0,7.0,1266.0,24.0,7.0,1266.0,Domažlice,Domažlice,1.0,Regensburg,,,,,,,,,,Ja
534,426.0,3.0,Kurz nach 7.8.1266,9.0,8.0,1266.0,11.0,8.0,1266.0,Cham,Cham,2.0,,,,,,,,,,,-
535,427.0,3.0,Sehr kurz nach 7.8.1266,8.0,8.0,1266.0,9.0,8.0,1266.0,Nittenau,Nittenau,2.0,,,,,,,,,,,-
536,428.0,3.0,Nach 7.8.1266,10.0,8.0,1266.0,13.0,8.0,1266.0,Regenstauf,Regenstauf,2.0,,,,,,,,,,,-
537,429.0,3.0,Länger nach 7.8.1266,12.0,8.0,1266.0,17.0,8.0,1266.0,Regensburg,Regensburg,2.0,,,,,,,,,,,-
539,431.0,3.0,Kurz vor 6.9.1266,1.0,9.0,1266.0,6.0,9.0,1266.0,Cheb,Cheb,2.0,,,,,,,,,,,-
540,432.0,1.0,09.06.1266,6.0,9.0,1266.0,6.0,9.0,1266.0,Praha,Praha,1.0,Spital am Pyhrn,Kremsmünster,,,,Windischgarsten,,,,,Ja
544,434.0,3.0,30.XI.1266  und weitere Tage vor 3.XII.1266,30.0,11.0,1266.0,3.0,12.0,1266.0,Ried im Innkreis,Ried im Innkreis,2.0,Ried im Innkreis,,,,,,,,,,M
545,435.0,1.0,12.04.1266,4.0,12.0,1266.0,4.0,12.0,1266.0,Freistadt,Freistadt,1.0,Freising,,,,,,,,,,Ja
546,436.0,1.0,12.04.1266,4.0,12.0,1266.0,4.0,12.0,1266.0,Linz,Linz,1.0,Freising,,,,,,,,,,Ja
547,437.0,1.0,12.04.1266,4.0,12.0,1266.0,4.0,12.0,1266.0,Linz,Linz,1.0,Freising,Pottendorf,,,,Hernstein,,,,,Ja
548,438.0,3.0,(5.-31.) 12. 1266,5.0,12.0,1266.0,31.0,12.0,1266.0,Graz,Graz,1.0,Waidhofen,Freising,,,,,,,,,Ja
549,439.0,3.0,(3.I.1267 oder vorige Tage),1.0,1.0,1266.0,3.0,1.0,1266.0,Graz,Graz,1.0,Lavanttal,Lavanttal,,,,,,,,,M
550,440.0,2.0,Zwischen 1.-14.1.1267,1.0,1.0,1267.0,14.0,1.0,1267.0,Graz,Graz,1.0,,,,,,,,,,,-
551,441.0,2.0,14.1. (oder ein par Tagen früher 1267),9.0,1.0,1267.0,14.0,1.0,1267.0,Graz,Graz,1.0,Judenburg,,,,,,,,,,Ja
552,442.0,3.0,Um 14.1.1267,14.0,1.0,1267.0,15.0,1.0,1267.0,Lilienfeld,Lilienfeld,1.0,,,,,,,,,,,-
553,443.0,3.0,(um 14.1 oder 15.1.1267),14.0,1.0,1267.0,15.0,1.0,1267.0,Wilhelmsburg,Wilhelmsburg,1.0,Lilienfeld,Altenburg (bei Wilhelmsburg),Hohenberg,Arnstein,,Türnitz,Stranzendorf,,,,M
554,444.0,2.0,1/15/1267 (wahrscheinlicher aber ein par Tagen später),15.0,1.0,1267.0,16.0,1.0,1267.0,Wien,Wien,1.0,Admont,,,,,,,,,,Ja
555,445.0,1.0,Kurz vor 19. 1. 1267,16.0,1.0,1267.0,17.0,1.0,1267.0,Wien,Wien,1.0,,,,,,,,,,,-
556,446.0,1.0,1/19/1267,19.0,1.0,1267.0,19.0,1.0,1267.0,Laa an der Thaya,Laa an der Thaya,1.0,Lilienfeld,,,,,Straning-Grafenberg,,,,,Ja
558,447.0,1.0,1/27/1267,27.0,1.0,1267.0,27.0,1.0,1267.0,Havlíčkův Brod,Havlíčkův Brod,1.0,Olomouc,,,,,Olomouc,,,,,Ja
559,448.0,1.0,03.01.1267,1.0,3.0,1267.0,1.0,3.0,1267.0,Praha,Praha,1.0,Praha,,,,,Drchkov,Vyšínek,,,,Ja
566,451.0,1.0,08.07.1267,7.0,8.0,1267.0,7.0,8.0,1267.0,Budyně nad Ohří,Budyně nad Ohří,1.0,Olomouc,,,,,,,,,,Ja
567,452.0,1.0,9/19/1267,19.0,9.0,1267.0,19.0,9.0,1267.0,Praha,Praha,1.0,,,,,,,,,,,Ja
571,454.0,1.0,11.05.1267,5.0,11.0,1267.0,5.0,11.0,1267.0,Brno,Brno,1.0,Zwettl,,,,,Krems an der Donau,Eggenburg,,,,Ja
576,459.0,1.0,11/15/1267,15.0,11.0,1267.0,15.0,11.0,1267.0,Brno,Brno,1.0,Střílky,,,,,,,,,,Ja
578,460.0,1.0,12.01.1267,1.0,12.0,1267.0,1.0,12.0,1267.0,Praha,Praha,1.0,Marienthal,Temritz,,,,Oberseifersdorf,,,,,Ja
580,462.0,1.0,12.11.1267,11.0,12.0,1267.0,11.0,12.0,1267.0,Praha,Praha,1.0,Vyšehrad,,,,,,,,,,Ja
581,463.0,1.0,12.11.1267,11.0,12.0,1267.0,11.0,12.0,1267.0,Praha,Praha,1.0,Lilienfeld,,,,,,,,,,Ja
582,464.0,3.0,Nach 11.12.1267,14.0,12.0,1267.0,17.0,12.0,1267.0,Wrocław,Wrocław,2.0,,,,,,,,,,,-
584,465.0,3.0,Später nach 11. 12.1267 - vor 3.1.1268,8.0,12.0,1267.0,31.0,12.0,1267.0,Kalisz,Kalisz,2.0,,,,,,,,,,,-
585,466.0,3.0,Kurz vor 3.1.1268,30.0,12.0,1267.0,1.0,1.0,1268.0,Toruń,Toruń,2.0,,,,,,,,,,,-
587,468.0,1.0,3.1.1268,1.0,3.0,1268.0,1.0,3.0,1268.0,Chełmno,Chełmno,2.0,,,,,,,,,,,M
588,469.0,1.0,(3.1.1268),1.0,3.0,1268.0,1.0,3.0,1268.0,Chełmno,Chełmno,2.0,,,,,,,,,,,-
589,470.0,3.0,Später nach 3.1. - vor 16.2.1268,4.0,3.0,1268.0,12.0,2.0,1268.0,Praha,Praha,1.0,,,,,,,,,,,-
590,471.0,1.0,2/16/1268,16.0,2.0,1268.0,16.0,2.0,1268.0,Praha,Praha,1.0,Olomouc,,,,,,,,,,Ja
591,472.0,3.0,03.04.1268,4.0,3.0,1268.0,4.0,3.0,1268.0,Praha,Praha,1.0,Vyšehrad,,,,,,,,,,Ja
593,473.0,1.0,3/27/1268,27.0,3.0,1268.0,27.0,3.0,1268.0,Písek,Písek,1.0,Zlatá Koruna,,,,,Mokrá,Dolní Vltavice,,,,Ja
596,474.0,1.0,16.4.1268,16.0,4.0,1268.0,16.0,4.0,1268.0,Traiskirchen,Traiskirchen,1.0,Göttweig,Hohenberg,,,,Sankt Veit an der Gölsen,,,,,M
598,475.0,1.0,4/24/1268,24.0,4.0,1268.0,24.0,4.0,1268.0,Praha,Praha,1.0,Litomyšl,,,,,,,,,,Ja
599,476.0,3.0,05.11.1268,11.0,5.0,1268.0,11.0,5.0,1268.0,Praha,Praha,1.0,Mělník,,,,,,,,,,Ja
606,482.0,2.0,(um 14.-15.8.1268),9.0,8.0,1268.0,19.0,8.0,1268.0,Znojmo,Znojmo,1.0,Heiligenkreuz,Seefeld,,,,Ladendorf,,,,,M
607,483.0,1.0,8/15/1268,15.0,8.0,1268.0,15.0,8.0,1268.0,Znojmo,Znojmo,1.0,Mailberg,,,,,Marchegg,,,,,Ja
608,484.0,1.0,23.8.1268,23.0,8.0,1268.0,23.0,8.0,1268.0,Brno,Brno,1.0,Böhmen,Mähren,Oberösterreich,Niederösterreich,Steiermark,,,,,,Ja
610,486.0,1.0,9/14/1268,14.0,9.0,1268.0,14.0,9.0,1268.0,Velehrad,Uherské Hradiště,1.0,St. Pölten,Perchtoldsdorf,,,,Pichel (Dürnstein),,,,,Ja
611,487.0,1.0,9/16/1268,16.0,9.0,1268.0,16.0,9.0,1268.0,Vracov,Vracov,1.0,Melk,,,,,,,,,,Ja
613,489.0,3.0,16.IX.1268 und kurz danach,16.0,9.0,1268.0,20.0,9.0,1268.0,Velehrad,Velehrad,1.0,Pfannberg,Ptuj,Liechtenstein,Wildon,Stubenberg,Pfannberg,Sankt Peter am Kammersberg,Rabenstein,Eppenstein,Stubenberg,M
615,491.0,1.0,11/20/1268,20.0,11.0,1268.0,20.0,11.0,1268.0,Praha,Praha,1.0,Vyšehrad,,,,,Prácheň,Dolní Bukovsko,Písek,Doudleby,,Ja
618,492.0,2.0,4.12.1268,4.0,12.0,1268.0,4.0,12.0,1268.0,Poděbrady,Poděbrady,1.0,,,,,,,,,,,-
620,493.0,1.0,12/30/1268,30.0,12.0,1268.0,30.0,12.0,1268.0,Vyškov,Vyškov,1.0,Göttweig,,,,,Sankt Veit an der Gölsen,,,,,Ja
622,495.0,3.0,"(nach 25.12.1268 - Anfang Januars, vor 22.1) 1269",25.0,12.0,1268.0,22.0,1.0,1269.0,Vyškov,Vyškov,1.0,St. Pölten,Perchtoldsdorf,,,,Pichel (Dürnstein),,,,,Ja
623,496.0,2.0,2/24/1269,24.0,2.0,1269.0,24.0,2.0,1269.0,Poděbrady,Poděbrady,1.0,Mailberg,,,,,Michelstetten,,,,,Ja
624,497.0,1.0,(2/24/)1269,24.0,2.0,1269.0,24.0,2.0,1269.0,Poděbrady,Poděbrady,1.0,Pohled,,,,,,,,,,Ja
626,499.0,1.0,03.03.1269,3.0,3.0,1269.0,3.0,3.0,1269.0,Poděbrady,Poděbrady,1.0,Seckau,,,,,,,,,,Ja
627,500.0,1.0,03.04.1269,4.0,3.0,1269.0,4.0,3.0,1269.0,Litoměřice,Litoměřice,1.0,Melk,,,,,,,,,,Ja
628,501.0,1.0,03.05.1269,5.0,3.0,1269.0,5.0,3.0,1269.0,Praha,Praha,1.0,Waldhausen im Strudengau,,,,,Machland,,,,,Ja
629,502.0,1.0,03.05.1269,5.0,3.0,1269.0,5.0,3.0,1269.0,Praha,Praha,1.0,Waldhausen im Strudengau,Stein an der Donau,,,,,,,,,Ja
630,503.0,3.0,03.05.(1269),5.0,3.0,1269.0,5.0,3.0,1269.0,Praha,Praha,1.0,Seckau,,,,,,,,,,Ja
631,504.0,1.0,03.05.1269,5.0,3.0,1269.0,5.0,3.0,1269.0,Praha,Praha,1.0,Waldsassen,,,,,,,,,,Ja
632,505.0,1.0,03.07.1269,7.0,3.0,1269.0,7.0,3.0,1269.0,Litoměřice,Litoměřice,1.0,Molln,,,,,,,,,,Ja
633,506.0,1.0,03.11.1269,11.0,3.0,1269.0,11.0,3.0,1269.0,Praha,Praha,1.0,Seckau,,,,,,,,,,Ja
635,508.0,2.0,17.3.1269,17.0,3.0,1269.0,17.0,3.0,1269.0,Praha,Praha,1.0,Pfannberg,Ptuj,Liechtenstein,Wildon,Stubenberg,,,,,,M
636,509.0,1.0,3/18/1269,18.0,3.0,1269.0,18.0,3.0,1269.0,Křivoklát,Křivoklát,1.0,Plasy,,,,,Ledce,Plzeň,Stříbro,Rakovník,,Ja
637,510.0,3.0,04.10.1269,10.0,4.0,1269.0,10.0,4.0,1269.0,Praha,Praha,1.0,Litomyšl,Olomouc,,,,Svitavy ,,,,,Ja
640,511.0,1.0,05.01.1269,1.0,5.0,1269.0,1.0,5.0,1269.0,Praha,Praha,1.0,Praha,,,,,,,,,,Ja
641,512.0,1.0,1.5.1269,1.0,5.0,1269.0,1.0,5.0,1269.0,Praha,Praha,1.0,Praha,,,,,,,,,,Ja
642,513.0,1.0,5/13/1269,13.0,5.0,1269.0,13.0,5.0,1269.0,Praha,Praha,1.0,Praha,,,,,,,,,,Ja
643,514.0,2.0,06.12.1269,12.0,6.0,1269.0,12.0,6.0,1269.0,Znojmo,Znojmo,1.0,Gleink,,,,,,,,,,Ja
644,515.0,3.0,06.12.(1269),12.0,6.0,1269.0,12.0,6.0,1269.0,Znojmo,Znojmo,1.0,Reinsberg,Freising,,,,Randegg,,,,,Ja
645,516.0,1.0,6/13/1269,13.0,6.0,1269.0,13.0,6.0,1269.0,Znojmo,Znojmo,1.0,Seckau,,,,,,,,,,Ja
646,517.0,1.0,6/13/1269,13.0,6.0,1269.0,13.0,6.0,1269.0,Znojmo,Znojmo,1.0,Seckau,,,,,Dobi,,,,,Ja
647,518.0,1.0,6/13/1269,13.0,6.0,1269.0,13.0,6.0,1269.0,Znojmo,Znojmo,1.0,Seckau,,,,,Leibnitz,Sankt Georgen an der Stiefing,,,,Ja
648,519.0,1.0,6/13/1269,13.0,6.0,1269.0,13.0,6.0,1269.0,Znojmo,Znojmo,1.0,Seckau,,,,,Winzendorf-Muthmannsdorf,,,,,Ja
649,520.0,1.0,6/13/1269,13.0,6.0,1269.0,13.0,6.0,1269.0,Znojmo,Znojmo,1.0,Reichersberg,Neuburg am Inn,,,,,,,,,Ja
651,522.0,1.0,6/16/1269,16.0,6.0,1269.0,16.0,6.0,1269.0,Jaroměřice nad Rokytkou,Jaroměřice nad Rokytkou,1.0,Wien,Altpölla,Gars am Kamp,,,Gars am Kamp,,,,,Ja
656,526.0,1.0,07.04.1269,4.0,7.0,1269.0,4.0,7.0,1269.0,Brno,Brno,1.0,Jihlava,,,,,,,,,,Ja
657,527.0,1.0,7/19/1269,19.0,7.0,1269.0,19.0,7.0,1269.0,Głubczyce,Głubczyce,1.0,Klosterneuburg,,,,,,,,,,Ja
660,530.0,1.0,7/27/1269,27.0,7.0,1269.0,27.0,7.0,1269.0,Písek,Písek,1.0,Perg,,,,,,,,,,Ja
662,532.0,1.0,08.08.1269,8.0,8.0,1269.0,8.0,8.0,1269.0,Praha,Praha,1.0,St. Pölten,Falkenberg,,,,Pichel (Dürnstein),,,,,Ja
664,534.0,3.0,17.-wohl noch 25.8.(1269),17.0,8.0,1267.0,25.0,8.0,1267.0,Trzebnica,Trzebnica,2.0,,,,,,,,,,,-
670,537.0,1.0,10.07.1269,7.0,10.0,1269.0,7.0,10.0,1269.0,Sadská,Sadská,1.0,Seckau,,,,,Glanz an der Weinstraße,,,,,Ja
674,539.0,1.0,12/19/1269,19.0,12.0,1269.0,19.0,12.0,1269.0,Praha,Praha,1.0,Litomyšl,,,,,Polička,,,,,Ja
676,541.0,1.0,01.12.1270,12.0,1.0,1270.0,12.0,1.0,1270.0,Jihlava,Jihlava,1.0,Jihlava,,,,,,,,,,Ja
677,542.0,1.0,1/27/1270,27.0,1.0,1270.0,27.0,1.0,1270.0,Wien,Wien,1.0,Wilhering,,,,,,,,,,Ja
678,543.0,1.0,1/27/1270,27.0,1.0,1270.0,27.0,1.0,1270.0,Wien,Wien,1.0,Wilhering,,,,,Gramastetten,,,,,Ja
679,544.0,1.0,1/27/1270,27.0,1.0,1270.0,27.0,1.0,1270.0,Wien,Wien,1.0,Wilhering,,,,,Eggendorf am Wagram,,,,,Ja
680,545.0,1.0,1/27/1270,27.0,1.0,1270.0,27.0,1.0,1270.0,Wien,Wien,1.0,Wilhering,,,,,,,,,,Ja
681,546.0,1.0,1/27/1270,27.0,1.0,1270.0,27.0,1.0,1270.0,Wien,Wien,1.0,Salzburg,,,,,,,,,,Ja
682,547.0,1.0,1/29/1270,29.0,1.0,1270.0,29.0,1.0,1270.0,Wien,Wien,1.0,Wilhering,,,,,,,,,,Ja
683,548.0,1.0,1/29/1270,29.0,1.0,1270.0,29.0,1.0,1270.0,Wien,Wien,1.0,St. Lambrecht,,,,,St. Lambrecht,,,,,Ja
684,549.0,1.0,1/29/1270,29.0,1.0,1270.0,29.0,1.0,1270.0,Wien,Wien,1.0,St. Lambrecht,,,,,St. Martin,,,,,Ja
685,550.0,1.0,1/30/1270,30.0,1.0,1270.0,30.0,1.0,1270.0,Wien,Wien,1.0,Admont,,,,,,,,,,Ja
686,551.0,2.0,(30.1.1270 oder ein Tag oder zwei Tage vorher),28.0,1.0,1270.0,30.0,1.0,1270.0,Wien,Wien,1.0,St. Lambrecht,Rabenstein an der Pielach,,,,Mariazell,,,,,M
687,552.0,1.0,1/31/1270,31.0,1.0,1270.0,31.0,1.0,1270.0,Wien,Wien,1.0,Spital am Semmering,,,,,Töscheldorf,Hochosterwitz,,,,Ja
688,553.0,1.0,1/31/1270,31.0,1.0,1270.0,31.0,1.0,1270.0,Wien,Wien,1.0,Spital am Semmering,,,,,Brugga,,,,,Ja
689,554.0,2.0,1/31/1270,31.0,1.0,1270.0,31.0,1.0,1270.0,Wien,Wien,1.0,St. Lambrecht,Rabenstein an der Pielach,,,,,,,,,Ja
690,555.0,1.0,02.02.1270,2.0,2.0,1270.0,2.0,2.0,1270.0,Wien,Wien,1.0,Freising,,,,,,,,,,Ja
692,557.0,2.0,3.2.1270 oder kurz vorher,1.0,1.0,1270.0,2.0,2.0,1270.0,Wien,Wien,1.0,Brixen,,,,,,,,,,M
693,558.0,1.0,3.21270,3.0,2.0,1270.0,3.0,2.0,1270.0,Wien,Wien,1.0,Freising,,,,,,,,,,Ja
694,559.0,1.0,02.03.1270,3.0,2.0,1270.0,3.0,2.0,1270.0,Wien,Wien,1.0,Freising,,,,,,,,,,Ja
695,560.0,2.0,02.07.1270,7.0,2.0,1270.0,7.0,2.0,1270.0,Wien,Wien,1.0,Judenburg,,,,,Wiener Neustadt,,,,,Ja
696,561.0,1.0,02.07.(1270),7.0,2.0,1270.0,7.0,2.0,1270.0,Wien,Wien,1.0,Mondsee,,,,,Bad Ischl,,,,,Ja
697,562.0,3.0,2/16/1270,16.0,2.0,1270.0,16.0,2.0,1270.0,Brno,Brno,1.0,Velehrad,,,,,,,,,,Ja
699,564.0,1.0,3/14/1270,14.0,3.0,1270.0,14.0,3.0,1270.0,Praha,Praha,1.0,Alt-Melon/Altmelon,,,,,,,,,,Ja
700,565.0,1.0,04.01.1270,1.0,4.0,1270.0,1.0,4.0,1270.0,Budyně nad Ohří,Budyně nad Ohří,1.0,,,,,,,,,,,Ja
702,567.0,1.0,5/19/1270,19.0,5.0,1270.0,19.0,5.0,1270.0,Znojmo,Znojmo,1.0,Kremsmünster,,,,,Martinsberg,,,,,Ja
704,568.0,3.0,um 07.06.1270,1.0,7.0,1270.0,11.0,7.0,1270.0,Brno,Brno,1.0,,,,,,,,,,,-
706,570.0,1.0,7/13/1270,13.0,7.0,1270.0,13.0,7.0,1270.0,Brno,Brno,1.0,Freising,,,,,Randegg,,,,,Ja
707,571.0,1.0,7/14/1270,14.0,7.0,1270.0,14.0,7.0,1270.0,Brno,Brno,1.0,Freising,,,,,Ollern,,,,,Ja
709,573.0,1.0,8/21/1270,21.0,8.0,1270.0,21.0,8.0,1270.0,Praha,Praha,1.0,Olomouc,,,,,,,,,,Ja
710,574.0,1.0,8/21/1270,21.0,8.0,1270.0,21.0,8.0,1270.0,Praha,Praha,1.0,Olomouc,,,,,,,,,,Ja
711,575.0,1.0,8/21/1270,21.0,8.0,1270.0,21.0,8.0,1270.0,Praha,Praha,1.0,Olomouc,,,,,,,,,,Ja
712,576.0,1.0,8/21/1270,21.0,8.0,1270.0,21.0,8.0,1270.0,Praha,Praha,1.0,Olomouc,,,,,,,,,,Ja
715,579.0,1.0,10.01.1270,1.0,10.0,1270.0,1.0,10.0,1270.0,Praha,Praha,1.0,Wrocław,,,,,,,,,,Ja
716,580.0,2.0,10.01.1270,1.0,10.0,1270.0,1.0,10.0,1270.0,Kamýk nad Vltavou,Kamýk nad Vltavou,1.0,Lemberg pri Novi Cerkvi/Lemberg bei Neuhaus,Gurk,,,,Straßberg,,,,,Ja
718,582.0,2.0,10/16/1270,16.0,10.0,1270.0,16.0,10.0,1270.0,Hainburg,Hainburg,1.0,,,,,,,,,,,-
719,583.0,2.0,16.10.1270,16.0,10.0,1270.0,16.0,10.0,1270.0,Pottenburg,Pottenburg,1.0,,,,,,,,,,,Ja
720,584.0,2.0,10/27/1270,27.0,10.0,1270.0,27.0,10.0,1270.0,Wien,Wien,1.0,Tulln,,,,,,,,,,Ja
721,585.0,2.0,10/27/1270,27.0,10.0,1270.0,27.0,10.0,1270.0,Wien,Wien,1.0,Tulln,,,,,,,,,,Ja
722,586.0,1.0,10/28/1270,28.0,10.0,1270.0,28.0,10.0,1270.0,Wien,Wien,1.0,St. Pölten,,,,,,,,,,Ja
723,587.0,1.0,10/28/1270,28.0,10.0,1270.0,28.0,10.0,1270.0,Wien,Wien,1.0,Seckau,,,,,Arzwald,,,,,Ja
724,588.0,1.0,11.01.1270,1.0,11.0,1270.0,1.0,11.0,1270.0,Wien,Wien,1.0,Stadlau,,,,,,,,,,Ja
725,589.0,3.0,(zwischen 1.11-21.11.) 1270,1.0,11.0,1270.0,21.0,11.0,1270.0,Slovenj Gradec,Slovenj Gradec,1.0,Žiče,,,,,,,,,,Ja
726,590.0,3.0,(zwischen 1.11-21.11.) 1270,1.0,11.0,1270.0,21.0,11.0,1270.0,Slovenj Gradec,Slovenj Gradec,1.0,Žiče,,,,,Prepolje,,,,,Ja
727,591.0,2.0,Kurz vor oder genau 22.11.1270,17.0,11.0,1270.0,22.0,11.0,1270.0,Kostanjevica na Krki,Kostanjevica na Krki,1.0,Kostanjevica na Krki,,,,,,,,,,M
728,592.0,1.0,11/22/1270,22.0,11.0,1270.0,22.0,11.0,1270.0,Kostanjevica na Krki,Kostanjevica na Krki,1.0,Kostanjevica na Krki,,,,,,,,,,Ja
729,593.0,1.0,11/24/1270,24.0,11.0,1270.0,24.0,11.0,1270.0,Stična,Stična,1.0,Kostanjevica na Krki,,,,,Kostanjevica na Krki,Gurk,,,,Ja
730,594.0,2.0,Kurz nach 24.11.-vor 6.12.1270,26.0,11.0,1270.0,3.0,12.0,1270.0,Ljubljana,Ljubljana,1.0,Ljubljana,Kamnik,,,,,,,,,M
732,595.0,2.0,Nach 24.11. - kurz vor 6.12.1270,27.0,11.0,1270.0,4.0,12.0,1270.0,Arnoldstein,Arnoldstein,1.0,,,,,,,,,,,-
733,596.0,1.0,12.06.1270,6.0,12.0,1270.0,6.0,12.0,1270.0,Villach,Villach,1.0,Viktring,,,,,Muta,,,,,Ja
735,597.0,2.0,(Zwischen 6.12-12.12.)1270,6.0,12.0,1270.0,12.0,12.0,1270.0,Friesach,Friesach,1.0,Salzburg,,,,,,,,,,M
736,598.0,2.0,(12.XII. 1270 oder kurz vorher),10.0,12.0,1270.0,12.0,12.0,1270.0,Judenburg,Judenburg,1.0,,,,,,,,,,,-
737,599.0,1.0,12.12.1270,12.0,12.0,1270.0,12.0,12.0,1270.0,Judenburg,Judenburg,1.0,Salzburg,,,,,Klagenfurt,,,,,Ja
738,600.0,1.0,12.12.1270,12.0,12.0,1270.0,12.0,12.0,1270.0,Judenburg,Judenburg,1.0,Salzburg,,,,,,,,,,Ja
739,601.0,1.0,12.12.1270,12.0,12.0,1270.0,12.0,12.0,1270.0,Judenburg,Judenburg,1.0,Salzburg,,,,,,,,,,Ja
740,602.0,3.0,Kurz nach 12. 12.1270,13.0,12.0,1270.0,14.0,12.0,1270.0,Lilienfeld,Lilienfeld,1.0,,,,,,,,,,,-
741,603.0,3.0,Nach 12.12.1270,15.0,12.0,1270.0,18.0,12.0,1270.0,Mailberg,Mailberg,1.0,,,,,,,,,,,-
746,733.0,1.0,04.05.1271,5.0,4.0,1271.0,5.0,4.0,1271.0,Brno,Brno,1.0,Brno,,,,,Diváky,,,,,Ja
747,734.0,3.0,um 13.4.1271,8.0,4.0,1271.0,18.0,4.0,1271.0,Marchegg,Marchegg,2.0,,,,,,,,,,,-
748,735.0,2.0,zwischen 13-16.4.1271,13.0,4.0,1271.0,16.0,4.0,1271.0,Bratislava,Bratislava,2.0,Bratislava,,,,,,,,,,M
749,736.0,3.0,4/16/1271,16.0,4.0,1271.0,16.0,4.0,1271.0,Bratislava,Bratislava,2.0,Perchtoldsdorf,,,,,,,,,,Ja
750,737.0,3.0,Sehr Kurz nach 16.4.1271,17.0,4.0,1271.0,18.0,4.0,1271.0,Svätý Júr,Svätý Júr,2.0,Svätý Júr,,,,,,,,,,M
751,738.0,3.0,kurz nach 16.4.1271,18.0,4.0,1271.0,20.0,4.0,1271.0,Pezinok,Pezinok,2.0,Pezinok,,,,,,,,,,M
752,739.0,3.0,nach 16.4.1271,19.0,4.0,1271.0,22.0,4.0,1271.0,Červený Kameň,Červený Kameň,2.0,Červený Kameň,,,,,,,,,,M
753,740.0,3.0,Lang nach 16.4.1271,21.0,4.0,1271.0,26.0,4.0,1271.0,Trnava,Trnava,2.0,Trnava,,,,,,,,,,M
754,741.0,3.0,Länger nach 16.4.1271 kurz vor 9.5.1271,21.0,4.0,1271.0,6.0,5.0,1271.0,Sereď,Sereď,2.0,Nitra,,,,,,,,,,M
756,743.0,2.0,05.09.1271,9.0,5.0,1271.0,9.0,5.0,1271.0,Bratislava,Bratislava,2.0,Bratislava,,,,,,,,,,-
757,744.0,1.0,5/15/1271,15.0,5.0,1271.0,15.0,5.0,1271.0,Magyaróvár,Magyaróvár,2.0,Magyaróvár,,,,,,,,,,M
758,745.0,2.0,16.5.1271,16.0,5.0,1271.0,16.0,5.0,1271.0,Moson,Moson,2.0,,,,,,,,,,,-
760,747.0,2.0,21.5.1271 oder kurz danach,21.0,5.0,1271.0,25.0,5.0,1271.0,Bratislava,Bratislava,2.0,,,,,,,,,,,-
761,748.0,2.0,um 24.5.1271,19.0,5.0,1271.0,29.0,5.0,1271.0,Wien,Wien,1.0,,,,,,,,,,,-
762,749.0,1.0,06.05.1271,5.0,6.0,1271.0,5.0,6.0,1271.0,Wien,Wien,1.0,Lilienfeld,,,,,Straning-Grafenberg,,,,,Ja
763,750.0,1.0,06.12.1271,12.0,6.0,1271.0,12.0,6.0,1271.0,Wien,Wien,1.0,Wien,,,,,,,,,,Ja
766,753.0,1.0,07.14.1271,14.0,7.0,1271.0,14.0,7.0,1271.0,Praha,Praha,2.0,,,,,,,,,,,Ja
767,754.0,3.0,Kurz nach 15.7.-vor 31.8.1271,17.0,7.0,1271.0,26.0,8.0,1271.0,Völkermarkt,Völkermarkt,1.0,,,,,,,,,,,-
768,755.0,3.0,Nach 15.7.-vor 31.8.1271,18.0,7.0,1271.0,28.0,8.0,1271.0,Maribor,Maribor,1.0,,,,,,,,,,,-
771,758.0,3.0,Länger nach 15.7.-vor 31.8.1271,20.0,7.0,1271.0,28.0,8.0,1271.0,Hartberg,Hartberg,1.0,,,,,,,,,,,-
772,759.0,3.0,Länger nach 15.7.-kurz vor 31.8.1271,20.0,7.0,1271.0,29.0,8.0,1271.0,Wien,Wien,1.0,,,,,,,,,,,-
773,760.0,3.0,Länger nach 15.7.-sehr kurz vor 31.8.1271,25.0,7.0,1271.0,30.0,8.0,1271.0,Praha,Praha,1.0,,,,,,,,,,,-
775,762.0,2.0,1 oder 2.9.1271,1.0,9.0,1271.0,2.0,9.0,1271.0,Praha,Praha,1.0,Chotěšov,,,,,Staňkov,Ohučov,,,,Ja
776,763.0,1.0,09.02.1271,2.0,9.0,1271.0,2.0,9.0,1271.0,Praha,Praha,1.0,Chotěšov,,,,,Hrušovany,Vrutice,Svařenice,Trnová,Litochovice nad Labem,Ja
778,765.0,1.0,10/13/1271,13.0,10.0,1271.0,13.0,10.0,1271.0,Praha,Praha,1.0,Rein,,,,,,,,,,Ja
780,767.0,1.0,10/16/1271,16.0,10.0,1271.0,16.0,10.0,1271.0,Praha,Praha,1.0,Praha,,,,,,,,,,Ja
781,768.0,1.0,11/24/1271,24.0,11.0,1271.0,24.0,11.0,1271.0,Wrocław,Wrocław,2.0,Opava,,,,,,,,,,Ja
782,769.0,1.0,01.03.1272,3.0,1.0,1272.0,3.0,1.0,1272.0,Praha,Praha,1.0,Jihlava,,,,,,,,,,Ja
783,770.0,1.0,1/19/1272,19.0,1.0,1272.0,19.0,1.0,1272.0,Praha,Praha,1.0,Praha,,,,,,,,,,Ja
784,771.0,2.0,2/22/1272,22.0,2.0,1272.0,22.0,2.0,1272.0,Zbraslav,Praha,1.0,Kirchberg am Wechsel,,,,,,,,,,Ja
785,772.0,3.0,Nach 6. 12.1271- länger vor 26.2.1272,9.0,12.0,1271.0,21.0,2.0,1272.0,Praha,Praha,1.0,Radlje ob Dravi,,,,,,,,,,M
788,775.0,1.0,3/5/(1272),5.0,3.0,1272.0,5.0,3.0,1272.0,Poděbrady,Poděbrady,1.0,Praha,Praha,,,,Praha,,,,,Ja
789,776.0,3.0,"14.3. (am wahrscheinlichsten 1272, nicht ganz ausgeschlossen 1273)",14.0,3.0,1272.0,14.0,3.0,1272.0,Praha,Praha,1.0,Praha,,,,,,,,,,Ja
790,777.0,1.0,3/16/1272,16.0,3.0,1272.0,16.0,3.0,1272.0,Poděbrady,Poděbrady,1.0,Osek,,,,,Horní Slavkov,,,,,Ja
791,778.0,1.0,4/22/1272,22.0,4.0,1272.0,22.0,4.0,1272.0,Praha,Praha,1.0,Radlje ob Dravi,,,,,,,,,,Ja
792,779.0,1.0,05.01.1272,1.0,5.0,1272.0,1.0,5.0,1272.0,Praha,Praha,1.0,Litoměřice,,,,,,,,,,Ja
796,783.0,3.0,7/13/1272,13.0,7.0,1272.0,13.0,7.0,1272.0,Praha,Praha,1.0,Plauen,,,,,Kraslice,,,,,Ja
797,784.0,1.0,7/13/1272,13.0,7.0,1272.0,13.0,7.0,1272.0,Praha,Praha,1.0,Osek,,,,,Svatobor,,,,,Ja
798,785.0,2.0,7/14/1272,14.0,7.0,1272.0,14.0,7.0,1272.0,Praha,Praha,1.0,Osek,,,,,,,,,,Ja
799,786.0,1.0,7/14/1272,14.0,7.0,1272.0,14.0,7.0,1272.0,Praha,Praha,1.0,Osek,,,,,České Kopisty,,,,,Ja
802,789.0,1.0,09.07.1272,7.0,9.0,1272.0,7.0,9.0,1272.0,Wien,Wien,1.0,Studenice,,,,,Sonnegg,,,,,Ja
804,791.0,1.0,10/29/1272,29.0,10.0,1272.0,29.0,10.0,1272.0,Brno,Brno,1.0,Uherský Brod,,,,,,,,,,Ja
805,792.0,1.0,12/16/1272,16.0,12.0,1272.0,16.0,12.0,1272.0,Krems an der Donau,Krems an der Donau,1.0,Melk,,,,,,,,,,Ja
809,796.0,1.0,1/14/1973,14.0,1.0,1273.0,14.0,1.0,1273.0,Zbraslav,Praha,1.0,Eger,,,,,Dřenice,,,,,Ja
811,798.0,1.0,1/25/1973,25.0,1.0,1273.0,25.0,1.0,1273.0,Myšenec,Myšenec,1.0,Vyšší Brod,,,,,Rožnov u Českých Budějovic,Němčice,,,,Ja
814,801.0,1.0,03.10.1973,10.0,3.0,1273.0,10.0,3.0,1273.0,Zvíkov,Zvíkov,1.0,Kladruby,,,,,Zahořany,Zhoř (Tachov),,,,Ja
815,919.0,3.0," 17.3. (am wahrscheinlichsten 1273, nichg ganz ausgeschlossen 1271, 1274)",17.0,3.0,1273.0,17.0,3.0,1273.0,Milevsko,Milevsko,1.0,Heiligenkreuz,,,,,,,,,,Ja
818,804.0,1.0,4/20/1973,20.0,4.0,1273.0,20.0,4.0,1273.0,Praha,Praha,1.0,Marienthal,,,,,Russdorf bei Ostritz,,,,,Ja
820,806.0,1.0,5/28/1973,28.0,5.0,1273.0,28.0,5.0,1273.0,Zbraslav,Praha,1.0,Wien,,,,,Unterlaa,,,,,Ja
821,807.0,1.0,6/17/1973,17.0,6.0,1273.0,17.0,6.0,1273.0,Znojmo,Znojmo,1.0,Ardagger,,,,,,,,,,Ja
823,809.0,2.0,17.6.1273,17.0,6.0,1273.0,17.0,6.0,1273.0,Znojmo,Znojmo,1.0,Tulln,,,,,,,,,,Ja
824,810.0,1.0,07.04.1973,4.0,7.0,1273.0,4.0,7.0,1273.0,Brno,Brno,1.0,Žďár nad Sázavou,,,,,,,,,,Ja
825,811.0,1.0,7/17/1973,17.0,7.0,1273.0,17.0,7.0,1273.0,Bratislava,Bratislava,2.0,Kappling,,,,,Tobra,,,,,Ja
826,812.0,2.0,08.07.1973,7.0,8.0,1273.0,7.0,8.0,1273.0,Laa an der Thaya,Laa an der Thaya,1.0,,,,,,,,,,,-
827,813.0,2.0,Um 7.8.1273 oder kurz danach,2.0,8.0,1273.0,15.0,8.0,1273.0,Marchegg,Marchegg,1.0,,,,,,,,,,,-
828,814.0,2.0,Um 10.8.1273 und kurz danach,5.0,8.0,1273.0,20.0,8.0,1273.0,Bratislava,Bratislava,2.0,Bratislava,,,,,,,,,,M
829,815.0,3.0,August und September 1273,1.0,8.0,1273.0,30.0,9.0,1273.0,Magyaróvár,Magyaróvár,2.0,Magyaróvár,,,,,,,,,,M
830,816.0,3.0,Länger vor. 3.10.1273,24.0,9.0,1273.0,29.0,9.0,1273.0,Györ,Györ,2.0,Györ,,,,,,,,,,M
831,817.0,3.0,Vor 3.10.1273,27.0,9.0,1273.0,30.0,9.0,1273.0,Pannonhalma,Pannonhalma,2.0,Pannonhalma,,,,,,,,,,M
832,818.0,1.0,10.03.1973,3.0,10.0,1273.0,3.0,10.0,1273.0,Sopron,Sopron,2.0,Imbach,,,,,Krems an der Donau,,,,,Ja
833,819.0,2.0,um 3.10.1273,27.0,9.0,1273.0,30.0,10.0,1273.0,Sopron,Sopron,2.0,Sopron,,,,,,,,,,M
834,820.0,1.0,10/14/1973,14.0,10.0,1273.0,14.0,10.0,1273.0,Krems an der Donau,Krems an der Donau,1.0,Raitenhaslach,,,,,Neuburg am Inn,,,,,Ja
840,826.0,1.0,12/29/1973,29.0,12.0,1273.0,29.0,12.0,1273.0,Brno,Brno,1.0,Spital am Semmering,Pottschach,,,,Wimpassing im Schwarzatale,Apfaltersbach,,,,Ja
841,827.0,1.0,12/31/1973,31.0,12.0,1273.0,31.0,12.0,1273.0,Brno,Brno,1.0,Freising,,,,,Wien,,,,,Ja
842,828.0,1.0,01.08.1974,8.0,1.0,1274.0,8.0,1.0,1274.0,Praha,Praha,1.0,Olomouc,,,,,,,,,,Ja
843,829.0,1.0,1/13/1974,13.0,1.0,1274.0,13.0,1.0,1274.0,Laa an der Thaya,Laa an der Thaya,1.0,Heiligenkreuz,,,,,Bruck an der Leitha,,,,,Ja
844,830.0,1.0,03.06.1974,6.0,3.0,1274.0,6.0,3.0,1274.0,Praha,Praha,1.0,Melk,Zelking-Matzleinsdorf,,,,Ysperklamm,,,,,Ja
846,832.0,1.0,04.03.1974,3.0,4.0,1274.0,3.0,4.0,1274.0,Wien,Wien,1.0,Melk,,,,,Mödling,,,,,Ja
847,833.0,1.0,4/13/1974,13.0,4.0,1274.0,13.0,4.0,1274.0,Graz,Graz,1.0,Viktring,,,,,Klagenfurt,Dravograd,,,,Ja
848,834.0,1.0,4/16/1974,16.0,4.0,1274.0,16.0,4.0,1274.0,Graz,Graz,1.0,Gornji Grad,,,,,,,,,,Ja
849,835.0,1.0,4/17/1974,17.0,4.0,1274.0,17.0,4.0,1274.0,Graz,Graz,1.0,Freising,,,,,,,,,,Ja
852,838.0,1.0,4/21/1275,21.0,4.0,1274.0,21.0,4.0,1274.0,Graz,Graz,1.0,Spital am Semmering,,,,,Gössendorf,Leising bei Kraubath,,,,Ja
853,839.0,3.0,4/25/1974,25.0,4.0,1274.0,25.0,4.0,1274.0,Graz,Graz,1.0,Žiče,,,,,,,,,,Ja
854,840.0,1.0,4/25/1974,25.0,4.0,1274.0,25.0,4.0,1274.0,Graz,Graz,1.0,Kostanjevica na Krki,,,,,,,,,,Ja
855,841.0,1.0,05.03.1974,3.0,5.0,1274.0,3.0,5.0,1274.0,Wien,Wien,1.0,Zwettl,,,,,Linz,Stein an der Donau,,,,Ja
856,842.0,1.0,05.03.1974,3.0,5.0,1274.0,3.0,5.0,1274.0,Wien,Wien,1.0,Zwettl,Neuburg am Inn,Ybbs an der Donau,Linz,,,,,,,Ja
858,844.0,3.0,"14.5.(1274, nicht ganz ausgeschlossen sind auch Jahren 1272, 1275, 1276))",14.0,5.0,1274.0,14.0,5.0,1274.0,Wien,Wien,1.0,Garsten,,,,,Münichreith um Garsten,,,,,Ja
859,845.0,1.0,5/15/1974,15.0,5.0,1274.0,15.0,5.0,1274.0,Wien,Wien,1.0,Heiligenkreuz,,,,,Neuburg am Inn,,,,,Ja
860,846.0,1.0,5/15/1974,15.0,5.0,1274.0,15.0,5.0,1274.0,Wien,Wien,1.0,Heiligenkreuz,,,,,Neuburg am Inn,,,,,Ja
861,847.0,1.0,5/16/1974,16.0,5.0,1274.0,16.0,5.0,1274.0,Wien,Wien,1.0,Wien,,,,,,,,,,Ja
862,848.0,1.0,5/28/1974,28.0,5.0,1274.0,28.0,5.0,1274.0,Brno,Brno,1.0,Olomouc,,,,,Roštín,Sudice,,,,Ja
863,849.0,3.0,07.05.1974,5.0,7.0,1274.0,5.0,7.0,1274.0,Praha,Praha,1.0,Olomouc,,,,,Kozłówki,,,,,Ja
864,850.0,1.0,7/25/1974,25.0,7.0,1274.0,25.0,7.0,1274.0,Praha,Praha,1.0,Klevevž (Klingenfels),,,,,,,,,,Ja
866,852.0,3.0,01.09.1974,1.0,9.0,1274.0,1.0,9.0,1274.0,Praha,Praha,1.0,Planina pri Sevnici,Kärnten,,,,,,,,,Ja
867,853.0,1.0,10/14/1974,14.0,10.0,1274.0,14.0,10.0,1274.0,Písek,Písek,1.0,Rinchnach,,,,,Stein an der Donau,Ybbs an der Donau,Emmersdorf an der Donau,Mauthausen,Linz,Ja
869,855.0,1.0,10/24/1974,24.0,10.0,1274.0,24.0,10.0,1274.0,Písek,Písek,1.0,Freising,,,,,Škofja Loka,,,,,Ja
870,856.0,1.0,11.11.1974,11.0,11.0,1274.0,11.0,11.0,1274.0,Praha,Praha,1.0,Praha,,,,,Čáslav,Úherce,,,,Ja
871,857.0,1.0,11/25/1974,25.0,11.0,1274.0,25.0,11.0,1274.0,Praha,Praha,1.0,Mělník,,,,,,,,,,Ja
872,858.0,1.0,11/25/1974,25.0,11.0,1274.0,25.0,11.0,1274.0,Praha,Praha,1.0,Praha,,,,,,,,,,Ja
876,862.0,1.0,12.11.1974,11.0,12.0,1274.0,11.0,12.0,1274.0,Neuburg am Inn,Neuburg am Inn,1.0,Passau,,,,,Neuburg am Inn,,,,,Ja
881,867.0,1.0,01.07.1275,7.0,1.0,1275.0,7.0,1.0,1275.0,Uherský Ostroh,Uherský Ostroh,1.0,Olomouc,,,,,Přerov,,,,,Ja
884,870.0,1.0,1/26/(1275),26.0,1.0,1275.0,26.0,1.0,1275.0,Wien,Wien,1.0,Seckau,Offenburg,,,,Liesing,,,,,Ja
885,871.0,1.0,1/26/(1275),26.0,1.0,1275.0,26.0,1.0,1275.0,Wien,Wien,1.0,Seckau,,,,,,,,,,Ja
886,872.0,1.0,1/26/(1275),26.0,1.0,1275.0,26.0,1.0,1275.0,Wien,Wien,1.0,Seckau,Offenburg,Knittelfeld,,,Feistritz bei Prank,,,,,Ja
887,873.0,1.0,02.06.1275,6.0,2.0,1275.0,6.0,2.0,1275.0,Wien,Wien,1.0,Osek,,,,,,,,,,Ja
888,874.0,2.0,6.2.(1275),6.0,2.0,1275.0,6.0,2.0,1275.0,Wien,Wien,1.0,Osek,,,,,,,,,,Ja
891,877.0,1.0,2/28/1275,28.0,2.0,1275.0,28.0,2.0,1275.0,Praha,Praha,1.0,Salzburg,,,,,,,,,,Ja
893,879.0,1.0,03.09.1275,9.0,3.0,1275.0,9.0,3.0,1275.0,Praha,Praha,1.0,,,,,,,,,,,Ja
894,880.0,1.0,03.09.1275,9.0,3.0,1275.0,9.0,3.0,1275.0,Praha,Praha,1.0,,,,,,,,,,,Ja
895,881.0,1.0,03.10.1275,10.0,3.0,1275.0,10.0,3.0,1275.0,Praha,Praha,1.0,Chotěšov,,,,,,,,,,Ja
896,882.0,1.0,3/15/1275,15.0,3.0,1275.0,15.0,3.0,1275.0,Praha,Praha,1.0,Raitenhaslach,,,,,Stein an der Donau,Ybbs an der Donau,Emmersdorf an der Donau,Linz,,Ja
898,884.0,1.0,3/19/1275,19.0,3.0,1275.0,19.0,3.0,1275.0,Praha,Praha,1.0,Kladruby,,,,,,,,,,Ja
900,886.0,1.0,04.06.1275,6.0,4.0,1275.0,6.0,4.0,1275.0,Brno,Brno,1.0,St. Lambrecht,Neumarkt,,,,Neumarkt,,,,,Ja
903,889.0,1.0,5/29/1275,29.0,5.0,1275.0,29.0,5.0,1275.0,Praha,Praha,1.0,Salzburg,,,,,,,,,,Ja
904,890.0,1.0,5/29/1275,29.0,5.0,1275.0,29.0,5.0,1275.0,Praha,Praha,1.0,Salzburg,,,,,,,,,,Ja
906,892.0,1.0,06.02.1275,2.0,6.0,1275.0,2.0,6.0,1275.0,Praha,Praha,1.0,Olomouc,Fulštejn,,,,Fulštejn,,,,,Ja
907,893.0,3.0,06.05.1275,5.0,6.0,1275.0,5.0,6.0,1275.0,Kamýk nad Vltavou,Kamýk nad Vltavou,1.0,Uherský Brod,,,,,,,,,,Ja
908,894.0,3.0,zwischen 5.6.1275- vor Ende Juny 1275/sicher vor 29..8.1275,5.0,6.0,1275.0,29.0,8.0,1275.0,Wien,Wien,1.0,,,,,,,,,,,-
910,896.0,2.0,8/30/(1275),30.0,8.0,1275.0,30.0,8.0,1275.0,Veveří,Brno,1.0,Rein,Steiermark,Dědice,,,Bad Aussee,,,,,Ja
911,897.0,3.0,09.01.1275,1.0,9.0,1275.0,1.0,9.0,1275.0,Kamýk nad Vltavou,Kamýk nad Vltavou,1.0,Głubczyce,,,,,,,,,,Ja
912,898.0,1.0,09.12.1275,12.0,9.0,1275.0,12.0,9.0,1275.0,Kamýk nad Vltavou,Kamýk nad Vltavou,1.0,Waldsassen,,,,,Planá,,,,,Ja
913,899.0,1.0,9/30/1275,30.0,9.0,1275.0,30.0,9.0,1275.0,Brno,Brno,1.0,Jihlava,,,,,,,,,,Ja
918,904.0,3.0,kurz vor 19.12.1275,15.0,12.0,1275.0,17.0,12.0,1275.0,Praha,Praha,1.0,,,,,,,,,,,-
919,905.0,1.0,12/19/1275,19.0,12.0,1275.0,19.0,12.0,1275.0,Křivoklát,Křivoklát,1.0,Trnovany,,,,,Očihovec,Cerhovice,,,,Ja
928,914.0,2.0,8.2.1276 (nicht ganz ausgeschlossen 1277),8.0,2.0,1276.0,8.0,2.0,1276.0,Praha,Praha,1.0,Teplá,,,,,,,,,,Ja
929,915.0,1.0,2/25/1276,25.0,2.0,1276.0,25.0,2.0,1276.0,Praha,Praha,1.0,Gurk,,,,,Podgrad,Šentjur pri Celju,,,,Ja
930,916.0,1.0,3/13/1276,13.0,3.0,1276.0,13.0,3.0,1276.0,Praha,Praha,1.0,Doksany,,,,,,,,,,Ja
931,917.0,2.0,3/13/1276,13.0,3.0,1276.0,13.0,3.0,1276.0,Praha,Praha,1.0,Doksany,,,,,,,,,,Ja
932,918.0,1.0,3/15/1276,15.0,3.0,1276.0,15.0,3.0,1276.0,Praha,Praha,1.0,Vilémov,,,,,,,,,,Ja
933,920.0,3.0,"wohl Anfang des Jahres 1276, vor 28.4.1276, nicht ganz ausgeschlossen nach 9.7.- vor 6.10.",1.0,1.0,1276.0,6.0,10.0,1276.0,Praha,Praha,1.0,Wien,,,,,,,,,,M
934,921.0,3.0,"2.4.1276, oder auch möglich 1275",2.0,4.0,1276.0,2.0,4.0,1276.0,Poděbrady,Poděbrady,1.0,Oberösterreich,Niederösterreich,,,,,,,,,Ja
935,922.0,1.0,4/28/1276,28.0,4.0,1276.0,28.0,4.0,1276.0,Brno,Brno,1.0,Olomouc,,,,,Hejčín,,,,,Ja
937,924.0,1.0,05.01.1276,1.0,5.0,1276.0,1.0,5.0,1276.0,Brno,Brno,1.0,Freising,,,,,Waidhofen an der Ybbs,Holenstein an der Ybbs,Ulmerfeld,,,Ja
938,925.0,1.0,05.01.1276,1.0,5.0,1276.0,1.0,5.0,1276.0,Brno,Brno,1.0,Freising,,,,,,,,,,Ja
939,926.0,2.0,05.03.1276,3.0,5.0,1276.0,3.0,5.0,1276.0,Brno,Brno,1.0,Seckau,Massenburg,,,,Massenburg,,,,,Ja
941,928.0,1.0,5/27/1276,27.0,5.0,1276.0,27.0,5.0,1276.0,Znojmo,Znojmo,1.0,Olomouc,,,,,Rozvadovice,,,,,Ja
942,929.0,1.0,5/28/1276,28.0,5.0,1276.0,28.0,5.0,1276.0,Znojmo,Znojmo,1.0,Brno,,,,,,,,,,Ja
943,930.0,1.0,5/31/1276,31.0,5.0,1276.0,31.0,5.0,1276.0,Znojmo,Znojmo,1.0,Klosterneuburg,,,,,,,,,,Ja
944,931.0,1.0,06.02.1276,2.0,6.0,1276.0,2.0,6.0,1276.0,Znojmo,Znojmo,1.0,Freising,,,,,Theiß,,,,,Ja
945,932.0,1.0,06.03.1276,3.0,6.0,1276.0,3.0,6.0,1276.0,Znojmo,Znojmo,1.0,Salzburg,,,,,Dobrenje,,,,,Ja
946,933.0,1.0,06.03.1276,3.0,6.0,1276.0,3.0,6.0,1276.0,Znojmo,Znojmo,1.0,Salzburg,,,,,Neumarkt,,,,,Ja
947,934.0,1.0,06.03.1276,3.0,6.0,1276.0,3.0,6.0,1276.0,Znojmo,Znojmo,1.0,Salzburg,Linz,,,,Linz,,,,,Ja
948,935.0,1.0,06.06.1276,6.0,6.0,1276.0,6.0,6.0,1276.0,Přištpo,Přištpo,1.0,Nová Říše,,,,,,,,,,Ja
950,936.0,1.0,07.07.1276,7.0,7.0,1276.0,7.0,7.0,1276.0,Freistadt,Freistadt,1.0,Baumgartenberg,Krems an der Donau,,,,Krems an der Donau,,,,,Ja
951,937.0,1.0,07.07.1276,7.0,7.0,1276.0,7.0,7.0,1276.0,Freistadt,Freistadt,1.0,Baumgartenberg,,,,,,,,,,Ja
954,940.0,1.0,8.7.1276,8.0,7.0,1276.0,8.0,7.0,1276.0,Freistadt,Freistadt,1.0,Gleink,,,,,Haidershofen,,,,,Ja
955,941.0,1.0,08.02.1276,2.0,8.0,1276.0,2.0,8.0,1276.0,Praha,Praha,1.0,Stainz,,,,,,,,,,Ja
956,942.0,3.0,8/26/(1276),26.0,8.0,1276.0,26.0,8.0,1276.0,Praha,Praha,1.0,Spital am Pyhrn,Kremsmünster,,,,Windischgarsten,,,,,Ja
957,943.0,1.0,8/30/1276,30.0,8.0,1276.0,30.0,8.0,1276.0,Praha,Praha,1.0,Spital am Pyhrn,,,,,Windischgarsten,,,,,Ja
960,946.0,1.0,09.07.1276,7.0,9.0,1276.0,7.0,9.0,1276.0,Praha,Praha,1.0,Judenburg,,,,,,,,,,Ja
974,960.0,2.0,um 6.10.1276,1.0,10.0,1276.0,11.0,10.0,1276.0,Freistadt,Freistadt,1.0,,,,,,,,,,,-
975,961.0,1.0,10.06.1276,6.0,10.0,1276.0,6.0,10.0,1276.0,Freistadt,Freistadt,1.0,Puchheim,,,,,Valtice,,,,,Ja
977,963.0,2.0,Kurz nach 6.10.1276,8.0,10.0,1276.0,10.0,10.0,1276.0,Zwettl,Zwettl,1.0,Zwettl,,,,,,,,,,M
978,964.0,2.0,Länger nach 6.10.1276,11.0,10.0,1276.0,16.0,10.0,1276.0,Drosendorf,Drosendorf,1.0,,,,,,,,,,,-
979,965.0,2.0,"Um die Mitte Oktobers und die zweite Hälfte von Oktober, bis zum Ende Novembers 1276",10.0,10.0,1276.0,30.0,11.0,1276.0,Korneuburg,Wien,1.0,,,,,,,,,,,-
997,983.0,1.0,25.11.1276,25.0,11.0,1276.0,25.0,11.0,1276.0,Kahlenberg (heute Leopoldberg),Wien,2.0,,,,,,,,,,,-
998,984.0,1.0,26.11.1276,26.0,11.0,1276.0,26.0,11.0,1276.0,Wien,Wien,2.0,,,,,,,,,,,Ja
1000,986.0,3.0,wohl Dezember 1276,1.0,12.0,1276.0,31.0,12.0,1276.0,Praha,Praha,1.0,,,,,,,,,,,-
1003,989.0,3.0,Nach 27.3- kurz vor 20.4.1277,30.0,12.0,1277.0,17.0,4.0,1277.0,Opava,Opava,1.0,,,,,,,,,,,-
1004,990.0,1.0,4/20/1277,20.0,4.0,1277.0,20.0,4.0,1277.0,Brno,Brno,1.0,Opava,,,,,Skřípov,,,,,Ja
1009,995.0,2.0,zwischen 20.-27.4. 1277,20.0,4.0,1277.0,27.0,4.0,1277.0,Brno,Brno,1.0,Olomouc,Bítov,,,,,,,,,M
1010,996.0,2.0,zwischen 20.-27.4. 1277,20.0,4.0,1277.0,27.0,4.0,1277.0,Brno,Brno,1.0,Nürnberg,,,,,,,,,,Ja
1011,997.0,2.0,05.01.1277,1.0,5.0,1277.0,1.0,5.0,1277.0,Brno,Brno,1.0,Břevnov,,,,,Žďákov,,,,,Ja
1014,1000.0,2.0,14.5.1277,14.0,5.0,1277.0,14.0,5.0,1277.0,Jindřichův Hradec,Jindřichův Hradec,1.0,Nürnberg,,,,,,,,,,Ja
1015,1001.0,3.0,18.5.1277 (nicht ganz ausgeschlossen 17.6.1277),18.0,5.0,1277.0,17.0,6.0,1277.0,Praha,Praha,1.0,Nürnberg,,,,,,,,,,Ja
1017,1003.0,3.0,26.5.(1277),26.0,5.0,1277.0,26.0,5.0,1277.0,Hradec Králové,Hradec Králové,1.0,,,,,,,,,,,Ja
1018,1004.0,1.0,5/30/1277,30.0,5.0,1277.0,30.0,5.0,1277.0,Praha,Praha,1.0,Plasy,,,,,Řeporyje,,,,,Ja
1019,1005.0,1.0,06.01.1277,1.0,6.0,1277.0,1.0,6.0,1277.0,Praha,Praha,1.0,Ostrov,,,,,Jemníky,Dolní Černošice,Lahovice,,,Ja
1020,1006.0,3.0,20.6.(1277),20.0,6.0,1277.0,20.0,6.0,1277.0,Uničov,Uničov,1.0,Nürnberg,,,,,,,,,,Ja
1021,1007.0,3.0,26.6.(1277),26.0,6.0,1277.0,26.0,6.0,1277.0,Hradec nad Moravicí,Hradec nad Moravicí,1.0,Nürnberg,,,,,,,,,,Ja
1022,1008.0,3.0,30.6.(1277),30.0,6.0,1277.0,30.0,6.0,1277.0,Hradec nad Moravicí,Hradec nad Moravicí,1.0,Nürnberg,,,,,,,,,,Ja
1025,1011.0,3.0,15.7.1277,15.0,7.0,1277.0,15.0,7.0,1277.0,Wrocław,Wrocław,2.0,Nürnberg,,,,,,,,,,Ja
1026,1012.0,3.0,um 15.7.1277,10.0,7.0,1277.0,20.0,7.0,1277.0,Wrocław,Wrocław,2.0,,,,,,,,,,,-
1027,1013.0,3.0,Nach Mitte Juli,15.0,7.0,1277.0,22.0,7.0,1277.0,Wrocław,Wrocław,2.0,Nürnberg,,,,,,,,,,Ja
1029,1015.0,3.0,15.8.(1277),15.0,8.0,1277.0,15.0,8.0,1277.0,Hradec nad Moravicí,Hradec nad Moravicí,1.0,Olomouc,,,,,,,,,,Ja
1032,1018.0,1.0,4.9.1277,4.0,9.0,1277.0,4.0,9.0,1277.0,Praha,Praha,1.0,Doubravník,,,,,Brno,Řečkovice,Jundrov,,,Ja
1033,1019.0,2.0,8.9.1277,8.0,9.0,1277.0,8.0,9.0,1277.0,Praha,Praha,1.0,Praha,,,,,,,,,,M
1034,1020.0,1.0,09.12.1277,12.0,9.0,1277.0,12.0,9.0,1277.0,Praha,Praha,1.0,,,,,,,,,,,Ja
1035,1021.0,1.0,10/16/1277,16.0,10.0,1277.0,16.0,10.0,1277.0,Litoměřice,Litoměřice,1.0,Vyšehrad,Litoměřice,,,,,,,,,Ja
1036,1022.0,1.0,10/31/(1277),31.0,10.0,1277.0,31.0,10.0,1277.0,Poděbrady,Poděbrady,1.0,,,,,,,,,,,Ja
1038,1024.0,3.0,Ende 1277,1.0,12.0,1277.0,31.0,12.0,1277.0,Opava,Opava,1.0,,,,,,,,,,,-
1042,1028.0,1.0,01.10.1278,10.0,1.0,1278.0,10.0,1.0,1278.0,Olomouc,Olomouc,1.0,Uherský Brod,,,,,,,,,,Ja
1045,1031.0,2.0,1/24/1278,24.0,1.0,1278.0,24.0,1.0,1278.0,Brno,Brno,1.0,Kłodzko,,,,,,,,,,Ja
1046,1032.0,3.0,7.2.1278,7.0,2.0,1278.0,7.0,2.0,1278.0,Praha,Praha,1.0,Frýdlant,,,,,Frýdlant,,,,,M
1047,1033.0,3.0,4.3.(1278),4.0,3.0,1278.0,4.0,3.0,1278.0,Praha,Praha,1.0,Trhové Sviny,,,,,,,,,,Ja
1048,1034.0,1.0,3/26/1278,26.0,3.0,1278.0,26.0,3.0,1278.0,Praha,Praha,1.0,Most,,,,,,,,,,Ja
1049,1035.0,1.0,6/30/1278,30.0,6.0,1278.0,30.0,6.0,1278.0,Praha,Praha,1.0,Sedlec,,,,,ein Wald Bor zwischen Kolín und Čáslav,,,,,Ja
1050,1036.0,2.0,am 30.6.1278 oder ein Paar Tagen danach,25.0,6.0,1278.0,30.0,6.0,1278.0,Praha,Praha,1.0,,,,,,,,,,,-
1052,1038.0,3.0,Kurz nach 30.6.1278- kurz vor 15.7.1278,2.0,6.0,1278.0,13.0,7.0,1278.0,Brno,Brno,1.0,,,,,,,,,,,-
1053,1039.0,2.0,"Um 25.7.1278, hier blieb bis zum um10.8.1278",20.0,7.0,1278.0,10.0,8.0,1278.0,Drosendorf,Drosendorf,2.0,,,,,,,,,,,-
1055,1041.0,2.0,um 8.8. oder 10.8.1278,3.0,8.0,1278.0,15.0,8.0,1278.0,Laa an der Thaya,Laa an der Thaya,2.0,,,,,,,,,,,-
1057,1043.0,2.0,"um 20.8, oder 23.8. 1278",15.0,8.0,1278.0,28.0,8.0,1278.0,Jedenspeigen,Jedenspeigen,2.0,,,,,,,,,,,-
1092,1078.0,1.0,26.8.1278,26.0,8.0,1278.0,26.0,8.0,1278.0,Jedenspeigen,Jedenspeigen,2.0,,,,,,,,,,,-
